============================================================
  MODEL 2 — Clinic + AEC  (7 AEC variants × 2 cases)
============================================================

############################################################
  [M2 len064] CASE : scale_clinic  (scale_clinic=True, scale_aec=False)
############################################################
=======================================================
5-Fold CV  [CrossAttn | scale_clin=True, scale_aec=False]
=======================================================

── Fold 1/5 ──────────────────────────────
  LR   — AUC: 0.5704  AUPRC: 0.1823  Brier: 0.2029  Acc: 0.6863  F1: 0.2195
  CA   — AUC: 0.8432  AUPRC: 0.3867  Brier: 0.1951  Acc: 0.7353  F1: 0.4000  (best ep=6)
  RN1D — AUC: 0.6656  AUPRC: 0.2639  Brier: 0.2073  Acc: 0.7598  F1: 0.3288  (best ep=167)

── Fold 2/5 ──────────────────────────────
  LR   — AUC: 0.6486  AUPRC: 0.1975  Brier: 0.2123  Acc: 0.6667  F1: 0.2273
  CA   — AUC: 0.7060  AUPRC: 0.2448  Brier: 0.2453  Acc: 0.6324  F1: 0.3119  (best ep=48)
  RN1D — AUC: 0.6085  AUPRC: 0.1760  Brier: 0.2482  Acc: 0.5637  F1: 0.2261  (best ep=2)

── Fold 3/5 ──────────────────────────────
  LR   — AUC: 0.6750  AUPRC: 0.2201  Brier: 0.2107  Acc: 0.6847  F1: 0.2889
  CA   — AUC: 0.8016  AUPRC: 0.3720  Brier: 0.2278  Acc: 0.6158  F1: 0.3276  (best ep=2)
  RN1D — AUC: 0.5781  AUPRC: 0.2095  Brier: 0.2163  Acc: 0.5517  F1: 0.1802  (best ep=2)

── Fold 4/5 ──────────────────────────────
  LR   — AUC: 0.7024  AUPRC: 0.3045  Brier: 0.1944  Acc: 0.7438  F1: 0.3500
  CA   — AUC: 0.8207  AUPRC: 0.3575  Brier: 0.1762  Acc: 0.7340  F1: 0.3721  (best ep=40)
  RN1D — AUC: 0.6818  AUPRC: 0.2321  Brier: 0.2041  Acc: 0.6700  F1: 0.2637  (best ep=150)

── Fold 5/5 ──────────────────────────────
  LR   — AUC: 0.7730  AUPRC: 0.2986  Brier: 0.1877  Acc: 0.7094  F1: 0.3371
  CA   — AUC: 0.9262  AUPRC: 0.6804  Brier: 0.1830  Acc: 0.7389  F1: 0.4421  (best ep=42)
  RN1D — AUC: 0.7687  AUPRC: 0.3249  Brier: 0.1973  Acc: 0.7143  F1: 0.3696  (best ep=119)

===========================================================================
LR  —  5-Fold CV Summary
===========================================================================
  Fold      AUC-ROC      AUPRC      Brier   Accuracy         F1
  ----------------------------------------------------------
  1          0.5704     0.1823     0.2029     0.6863     0.2195
  2          0.6486     0.1975     0.2123     0.6667     0.2273
  3          0.6750     0.2201     0.2107     0.6847     0.2889
  4          0.7024     0.3045     0.1944     0.7438     0.3500
  5          0.7730     0.2986     0.1877     0.7094     0.3371
  ──────────────────────────────────────────────────────────
  Mean       0.6739     0.2406     0.2016     0.6982     0.2846
  ±Std       0.0663     0.0512     0.0094     0.0266     0.0540

===========================================================================
CrossAttn  —  5-Fold CV Summary
===========================================================================
  Fold      AUC-ROC      AUPRC      Brier   Accuracy         F1
  ----------------------------------------------------------
  1          0.8432     0.3867     0.1951     0.7353     0.4000
  2          0.7060     0.2448     0.2453     0.6324     0.3119
  3          0.8016     0.3720     0.2278     0.6158     0.3276
  4          0.8207     0.3575     0.1762     0.7340     0.3721
  5          0.9262     0.6804     0.1830     0.7389     0.4421
  ──────────────────────────────────────────────────────────
  Mean       0.8195     0.4083     0.2055     0.6913     0.3707
  ±Std       0.0709     0.1450     0.0267     0.0551     0.0475

===========================================================================
ResNet1D  —  5-Fold CV Summary
===========================================================================
  Fold      AUC-ROC      AUPRC      Brier   Accuracy         F1
  ----------------------------------------------------------
  1          0.6656     0.2639     0.2073     0.7598     0.3288
  2          0.6085     0.1760     0.2482     0.5637     0.2261
  3          0.5781     0.2095     0.2163     0.5517     0.1802
  4          0.6818     0.2321     0.2041     0.6700     0.2637
  5          0.7687     0.3249     0.1973     0.7143     0.3696
  ──────────────────────────────────────────────────────────
  Mean       0.6605     0.2413     0.2146     0.6519     0.2737
  ±Std       0.0659     0.0507     0.0179     0.0821     0.0683

=================================================================
  Statistical Comparison: [LR]  vs  [CrossAttn]
  Paired t-test + Wilcoxon signed-rank  (n=5 folds)
  Δ Mean = CrossAttn − LR  (양수 → CrossAttn가 우세)
=================================================================
  Metric          Mean1    Mean2    Δ Mean   t-stat      t p-val      W p-val     
  -----------------------------------------------------------------------
  AUC-ROC        0.6739   0.8195   +0.1456   -4.111     1.47e-02     6.25e-02    *
  AUPRC          0.2406   0.4083   +0.1677   -2.736     5.21e-02     6.25e-02    †
  Brier          0.2016   0.2055   +0.0039   -0.419     6.97e-01     1.00e+00     
  Accuracy       0.6982   0.6913   -0.0069    0.325     7.62e-01     8.12e-01     
  F1             0.2846   0.3707   +0.0862   -3.085     3.68e-02     6.25e-02    *
  ───────────────────────────────────────────────────────────────────────
  *** p<0.001  ** p<0.01  * p<0.05  † p<0.10
  주의: n=5 folds — 검정력이 낮으므로 방향성(Δ) 참고 병행 권장

=======================================================
CrossAttn Test Evaluation  (scale_clin=True, scale_aec=False)
=======================================================

Logistic Regression — Test Set (Overall):
  AUC: 0.6946  AUPRC: 0.2337  Brier: 0.2028  Acc: 0.7176  F1: 0.3077

Logistic Regression — Test Set (By Sex):
  [M] n=99  AUC: 0.6714  AUPRC: 0.3120  Brier: 0.2430  Acc: 0.6364  F1: 0.3333
              precision    recall  f1-score   support

      Normal       0.87      0.66      0.75        82
  Sarcopenia       0.24      0.53      0.33        17

    accuracy                           0.64        99
   macro avg       0.56      0.59      0.54        99
weighted avg       0.76      0.64      0.68        99

  [F] n=156  AUC: 0.6934  AUPRC: 0.2006  Brier: 0.1774  Acc: 0.7692  F1: 0.2800
              precision    recall  f1-score   support

      Normal       0.97      0.78      0.86       145
  Sarcopenia       0.18      0.64      0.28        11

    accuracy                           0.77       156
   macro avg       0.57      0.71      0.57       156
weighted avg       0.91      0.77      0.82       156

CrossAttn — training final model for 40 epochs on full CV set …

CrossAttn — Test Set (Overall):
  AUC: 0.8140  AUPRC: 0.3591  Brier: 0.1656  Acc: 0.7608  F1: 0.4078

CrossAttn — Test Set (By Sex):
  [M] n=99  AUC: 0.7776  AUPRC: 0.4546  Brier: 0.2181  Acc: 0.6566  F1: 0.4333
              precision    recall  f1-score   support

      Normal       0.93      0.63      0.75        82
  Sarcopenia       0.30      0.76      0.43        17

    accuracy                           0.66        99
   macro avg       0.62      0.70      0.59        99
weighted avg       0.82      0.66      0.70        99

  [F] n=156  AUC: 0.8006  AUPRC: 0.2727  Brier: 0.1324  Acc: 0.8269  F1: 0.3721
              precision    recall  f1-score   support

      Normal       0.98      0.83      0.90       145
  Sarcopenia       0.25      0.73      0.37        11

    accuracy                           0.83       156
   macro avg       0.61      0.78      0.64       156
weighted avg       0.92      0.83      0.86       156

ResNet1D — training final model for 119 epochs on full CV set …

ResNet1D — Test Set (Overall):
  AUC: 0.6581  AUPRC: 0.1895  Brier: 0.2019  Acc: 0.6549  F1: 0.2000

ResNet1D — Test Set (By Sex):
  [M] n=99  AUC: 0.6686  AUPRC: 0.2991  Brier: 0.2125  Acc: 0.6768  F1: 0.3043
              precision    recall  f1-score   support

      Normal       0.86      0.73      0.79        82
  Sarcopenia       0.24      0.41      0.30        17

    accuracy                           0.68        99
   macro avg       0.55      0.57      0.55        99
weighted avg       0.75      0.68      0.71        99

  [F] n=156  AUC: 0.6464  AUPRC: 0.1073  Brier: 0.1952  Acc: 0.6410  F1: 0.1250
              precision    recall  f1-score   support

      Normal       0.93      0.66      0.77       145
  Sarcopenia       0.08      0.36      0.12        11

    accuracy                           0.64       156
   macro avg       0.50      0.51      0.45       156
weighted avg       0.87      0.64      0.73       156


Saved (model 2 (len064)):
  연구코드/results/0515/model_2\len064\scale_clinic/data_distribution.png
  연구코드/results/0515/model_2\len064\scale_clinic/cv_roc_curves.png
  연구코드/results/0515/model_2\len064\scale_clinic/cv_metric_distribution.png
  연구코드/results/0515/model_2\len064\scale_clinic/training_curves.png
  연구코드/results/0515/model_2\len064\scale_clinic/test_roc_curves.png
  연구코드/results/0515/model_2\len064\scale_clinic/test_roc_by_sex.png
  연구코드/results/0515/model_2\len064\scale_clinic/confusion_matrices.png
  연구코드/results/0515/model_2\len064\scale_clinic/calibration.png
  연구코드/results/0515/model_2\len064\scale_clinic/results.md

############################################################
  [M2 len064] CASE : scale_both  (scale_clinic=True, scale_aec=True)
############################################################
=======================================================
5-Fold CV  [CrossAttn | scale_clin=True, scale_aec=True]
=======================================================

── Fold 1/5 ──────────────────────────────
  LR   — AUC: 0.7500  AUPRC: 0.2748  Brier: 0.1760  Acc: 0.7598  F1: 0.3467
  CA   — AUC: 0.8244  AUPRC: 0.3836  Brier: 0.1445  Acc: 0.7843  F1: 0.3714  (best ep=3)
  RN1D — AUC: 0.8347  AUPRC: 0.3569  Brier: 0.1699  Acc: 0.7598  F1: 0.3636  (best ep=45)

── Fold 2/5 ──────────────────────────────
  LR   — AUC: 0.6680  AUPRC: 0.2693  Brier: 0.1931  Acc: 0.7255  F1: 0.2432
  CA   — AUC: 0.6925  AUPRC: 0.2318  Brier: 0.1948  Acc: 0.7206  F1: 0.3133  (best ep=92)
  RN1D — AUC: 0.7146  AUPRC: 0.3182  Brier: 0.1516  Acc: 0.7598  F1: 0.2899  (best ep=53)

── Fold 3/5 ──────────────────────────────
  LR   — AUC: 0.7639  AUPRC: 0.2453  Brier: 0.1981  Acc: 0.6798  F1: 0.3434
  CA   — AUC: 0.7961  AUPRC: 0.2934  Brier: 0.2638  Acc: 0.5419  F1: 0.2791  (best ep=5)
  RN1D — AUC: 0.7481  AUPRC: 0.2212  Brier: 0.2467  Acc: 0.6305  F1: 0.3119  (best ep=54)

── Fold 4/5 ──────────────────────────────
  LR   — AUC: 0.8430  AUPRC: 0.4831  Brier: 0.1639  Acc: 0.7882  F1: 0.4416
  CA   — AUC: 0.7961  AUPRC: 0.3676  Brier: 0.1881  Acc: 0.6946  F1: 0.3673  (best ep=2)
  RN1D — AUC: 0.8167  AUPRC: 0.4454  Brier: 0.1903  Acc: 0.7192  F1: 0.3871  (best ep=31)

── Fold 5/5 ──────────────────────────────
  LR   — AUC: 0.8594  AUPRC: 0.4762  Brier: 0.1825  Acc: 0.7192  F1: 0.3871
  CA   — AUC: 0.9219  AUPRC: 0.6285  Brier: 0.1532  Acc: 0.7389  F1: 0.4421  (best ep=7)
  RN1D — AUC: 0.9081  AUPRC: 0.5646  Brier: 0.1796  Acc: 0.6502  F1: 0.3717  (best ep=39)

===========================================================================
LR  —  5-Fold CV Summary
===========================================================================
  Fold      AUC-ROC      AUPRC      Brier   Accuracy         F1
  ----------------------------------------------------------
  1          0.7500     0.2748     0.1760     0.7598     0.3467
  2          0.6680     0.2693     0.1931     0.7255     0.2432
  3          0.7639     0.2453     0.1981     0.6798     0.3434
  4          0.8430     0.4831     0.1639     0.7882     0.4416
  5          0.8594     0.4762     0.1825     0.7192     0.3871
  ──────────────────────────────────────────────────────────
  Mean       0.7769     0.3497     0.1827     0.7345     0.3524
  ±Std       0.0692     0.1066     0.0122     0.0370     0.0651

===========================================================================
CrossAttn  —  5-Fold CV Summary
===========================================================================
  Fold      AUC-ROC      AUPRC      Brier   Accuracy         F1
  ----------------------------------------------------------
  1          0.8244     0.3836     0.1445     0.7843     0.3714
  2          0.6925     0.2318     0.1948     0.7206     0.3133
  3          0.7961     0.2934     0.2638     0.5419     0.2791
  4          0.7961     0.3676     0.1881     0.6946     0.3673
  5          0.9219     0.6285     0.1532     0.7389     0.4421
  ──────────────────────────────────────────────────────────
  Mean       0.8062     0.3810     0.1889     0.6961     0.3546
  ±Std       0.0733     0.1352     0.0422     0.0825     0.0557

===========================================================================
ResNet1D  —  5-Fold CV Summary
===========================================================================
  Fold      AUC-ROC      AUPRC      Brier   Accuracy         F1
  ----------------------------------------------------------
  1          0.8347     0.3569     0.1699     0.7598     0.3636
  2          0.7146     0.3182     0.1516     0.7598     0.2899
  3          0.7481     0.2212     0.2467     0.6305     0.3119
  4          0.8167     0.4454     0.1903     0.7192     0.3871
  5          0.9081     0.5646     0.1796     0.6502     0.3717
  ──────────────────────────────────────────────────────────
  Mean       0.8044     0.3812     0.1876     0.7039     0.3448
  ±Std       0.0679     0.1166     0.0322     0.0543     0.0373

=================================================================
  Statistical Comparison: [LR]  vs  [CrossAttn]
  Paired t-test + Wilcoxon signed-rank  (n=5 folds)
  Δ Mean = CrossAttn − LR  (양수 → CrossAttn가 우세)
=================================================================
  Metric          Mean1    Mean2    Δ Mean   t-stat      t p-val      W p-val     
  -----------------------------------------------------------------------
  AUC-ROC        0.7769   0.8062   +0.0293   -1.384     2.39e-01     3.12e-01     
  AUPRC          0.3497   0.3810   +0.0313   -0.643     5.55e-01     6.25e-01     
  Brier          0.1827   0.1889   +0.0062   -0.340     7.51e-01     1.00e+00     
  Accuracy       0.7345   0.6961   -0.0384    1.175     3.05e-01     6.25e-01     
  F1             0.3524   0.3546   +0.0022   -0.074     9.44e-01     1.00e+00     
  ───────────────────────────────────────────────────────────────────────
  *** p<0.001  ** p<0.01  * p<0.05  † p<0.10
  주의: n=5 folds — 검정력이 낮으므로 방향성(Δ) 참고 병행 권장

=======================================================
CrossAttn Test Evaluation  (scale_clin=True, scale_aec=True)
=======================================================

Logistic Regression — Test Set (Overall):
  AUC: 0.8147  AUPRC: 0.3195  Brier: 0.1846  Acc: 0.7412  F1: 0.4000

Logistic Regression — Test Set (By Sex):
  [M] n=99  AUC: 0.7554  AUPRC: 0.3357  Brier: 0.2536  Acc: 0.6364  F1: 0.4706
              precision    recall  f1-score   support

      Normal       0.98      0.57      0.72        82
  Sarcopenia       0.31      0.94      0.47        17

    accuracy                           0.64        99
   macro avg       0.65      0.76      0.60        99
weighted avg       0.86      0.64      0.68        99

  [F] n=156  AUC: 0.8107  AUPRC: 0.3734  Brier: 0.1408  Acc: 0.8077  F1: 0.2857
              precision    recall  f1-score   support

      Normal       0.96      0.83      0.89       145
  Sarcopenia       0.19      0.55      0.29        11

    accuracy                           0.81       156
   macro avg       0.58      0.69      0.59       156
weighted avg       0.91      0.81      0.85       156

CrossAttn — training final model for 5 epochs on full CV set …

CrossAttn — Test Set (Overall):
  AUC: 0.8403  AUPRC: 0.3367  Brier: 0.2253  Acc: 0.6784  F1: 0.3788

CrossAttn — Test Set (By Sex):
  [M] n=99  AUC: 0.7812  AUPRC: 0.3665  Brier: 0.2662  Acc: 0.6364  F1: 0.4706
              precision    recall  f1-score   support

      Normal       0.98      0.57      0.72        82
  Sarcopenia       0.31      0.94      0.47        17

    accuracy                           0.64        99
   macro avg       0.65      0.76      0.60        99
weighted avg       0.86      0.64      0.68        99

  [F] n=156  AUC: 0.8476  AUPRC: 0.4301  Brier: 0.1994  Acc: 0.7051  F1: 0.2812
              precision    recall  f1-score   support

      Normal       0.98      0.70      0.81       145
  Sarcopenia       0.17      0.82      0.28        11

    accuracy                           0.71       156
   macro avg       0.58      0.76      0.55       156
weighted avg       0.92      0.71      0.78       156

ResNet1D — training final model for 45 epochs on full CV set …

ResNet1D — Test Set (Overall):
  AUC: 0.8394  AUPRC: 0.3445  Brier: 0.1869  Acc: 0.6824  F1: 0.3520

ResNet1D — Test Set (By Sex):
  [M] n=99  AUC: 0.8034  AUPRC: 0.3710  Brier: 0.2419  Acc: 0.5758  F1: 0.4167
              precision    recall  f1-score   support

      Normal       0.95      0.51      0.67        82
  Sarcopenia       0.27      0.88      0.42        17

    accuracy                           0.58        99
   macro avg       0.61      0.70      0.54        99
weighted avg       0.84      0.58      0.62        99

  [F] n=156  AUC: 0.8219  AUPRC: 0.3077  Brier: 0.1519  Acc: 0.7500  F1: 0.2642
              precision    recall  f1-score   support

      Normal       0.96      0.76      0.85       145
  Sarcopenia       0.17      0.64      0.26        11

    accuracy                           0.75       156
   macro avg       0.57      0.70      0.56       156
weighted avg       0.91      0.75      0.81       156


Saved (model 2 (len064)):
  연구코드/results/0515/model_2\len064\scale_both/data_distribution.png
  연구코드/results/0515/model_2\len064\scale_both/cv_roc_curves.png
  연구코드/results/0515/model_2\len064\scale_both/cv_metric_distribution.png
  연구코드/results/0515/model_2\len064\scale_both/training_curves.png
  연구코드/results/0515/model_2\len064\scale_both/test_roc_curves.png
  연구코드/results/0515/model_2\len064\scale_both/test_roc_by_sex.png
  연구코드/results/0515/model_2\len064\scale_both/confusion_matrices.png
  연구코드/results/0515/model_2\len064\scale_both/calibration.png
  연구코드/results/0515/model_2\len064\scale_both/results.md

############################################################
  [M2 len128] CASE : scale_clinic  (scale_clinic=True, scale_aec=False)
############################################################
=======================================================
5-Fold CV  [CrossAttn | scale_clin=True, scale_aec=False]
=======================================================

── Fold 1/5 ──────────────────────────────
  LR   — AUC: 0.5360  AUPRC: 0.1598  Brier: 0.2166  Acc: 0.7206  F1: 0.1739
  CA   — AUC: 0.8139  AUPRC: 0.3417  Brier: 0.2210  Acc: 0.6520  F1: 0.3238  (best ep=8)
  RN1D — AUC: 0.6129  AUPRC: 0.2505  Brier: 0.2217  Acc: 0.6667  F1: 0.2609  (best ep=24)

── Fold 2/5 ──────────────────────────────
  LR   — AUC: 0.6214  AUPRC: 0.1766  Brier: 0.2139  Acc: 0.7108  F1: 0.1918
  CA   — AUC: 0.7122  AUPRC: 0.2096  Brier: 0.1912  Acc: 0.7206  F1: 0.3448  (best ep=87)
  RN1D — AUC: 0.6000  AUPRC: 0.1516  Brier: 0.2403  Acc: 0.5784  F1: 0.2586  (best ep=151)

── Fold 3/5 ──────────────────────────────
  LR   — AUC: 0.5841  AUPRC: 0.1497  Brier: 0.2163  Acc: 0.6847  F1: 0.2195
  CA   — AUC: 0.8079  AUPRC: 0.3187  Brier: 0.2073  Acc: 0.6650  F1: 0.3462  (best ep=14)
  RN1D — AUC: 0.5394  AUPRC: 0.1833  Brier: 0.2512  Acc: 0.5320  F1: 0.1880  (best ep=3)

── Fold 4/5 ──────────────────────────────
  LR   — AUC: 0.7330  AUPRC: 0.3179  Brier: 0.1905  Acc: 0.7389  F1: 0.3457
  CA   — AUC: 0.8071  AUPRC: 0.3841  Brier: 0.1981  Acc: 0.6749  F1: 0.3265  (best ep=36)
  RN1D — AUC: 0.7092  AUPRC: 0.2854  Brier: 0.1993  Acc: 0.7537  F1: 0.3421  (best ep=149)

── Fold 5/5 ──────────────────────────────
  LR   — AUC: 0.6796  AUPRC: 0.2358  Brier: 0.1952  Acc: 0.7192  F1: 0.2597
  CA   — AUC: 0.9111  AUPRC: 0.6647  Brier: 0.1845  Acc: 0.6847  F1: 0.3962  (best ep=12)
  RN1D — AUC: 0.7346  AUPRC: 0.2516  Brier: 0.2178  Acc: 0.6453  F1: 0.3077  (best ep=185)

===========================================================================
LR  —  5-Fold CV Summary
===========================================================================
  Fold      AUC-ROC      AUPRC      Brier   Accuracy         F1
  ----------------------------------------------------------
  1          0.5360     0.1598     0.2166     0.7206     0.1739
  2          0.6214     0.1766     0.2139     0.7108     0.1918
  3          0.5841     0.1497     0.2163     0.6847     0.2195
  4          0.7330     0.3179     0.1905     0.7389     0.3457
  5          0.6796     0.2358     0.1952     0.7192     0.2597
  ──────────────────────────────────────────────────────────
  Mean       0.6308     0.2080     0.2065     0.7148     0.2381
  ±Std       0.0694     0.0625     0.0113     0.0176     0.0611

===========================================================================
CrossAttn  —  5-Fold CV Summary
===========================================================================
  Fold      AUC-ROC      AUPRC      Brier   Accuracy         F1
  ----------------------------------------------------------
  1          0.8139     0.3417     0.2210     0.6520     0.3238
  2          0.7122     0.2096     0.1912     0.7206     0.3448
  3          0.8079     0.3187     0.2073     0.6650     0.3462
  4          0.8071     0.3841     0.1981     0.6749     0.3265
  5          0.9111     0.6647     0.1845     0.6847     0.3962
  ──────────────────────────────────────────────────────────
  Mean       0.8105     0.3838     0.2004     0.6794     0.3475
  ±Std       0.0629     0.1519     0.0128     0.0233     0.0260

===========================================================================
ResNet1D  —  5-Fold CV Summary
===========================================================================
  Fold      AUC-ROC      AUPRC      Brier   Accuracy         F1
  ----------------------------------------------------------
  1          0.6129     0.2505     0.2217     0.6667     0.2609
  2          0.6000     0.1516     0.2403     0.5784     0.2586
  3          0.5394     0.1833     0.2512     0.5320     0.1880
  4          0.7092     0.2854     0.1993     0.7537     0.3421
  5          0.7346     0.2516     0.2178     0.6453     0.3077
  ──────────────────────────────────────────────────────────
  Mean       0.6392     0.2245     0.2260     0.6352     0.2715
  ±Std       0.0723     0.0493     0.0181     0.0762     0.0520

=================================================================
  Statistical Comparison: [LR]  vs  [CrossAttn]
  Paired t-test + Wilcoxon signed-rank  (n=5 folds)
  Δ Mean = CrossAttn − LR  (양수 → CrossAttn가 우세)
=================================================================
  Metric          Mean1    Mean2    Δ Mean   t-stat      t p-val      W p-val     
  -----------------------------------------------------------------------
  AUC-ROC        0.6308   0.8105   +0.1796   -4.399     1.17e-02     6.25e-02    *
  AUPRC          0.2080   0.3838   +0.1758   -2.530     6.47e-02     6.25e-02    †
  Brier          0.2065   0.2004   -0.0061    1.108     3.30e-01     3.12e-01     
  Accuracy       0.7148   0.6794   -0.0354    2.439     7.13e-02     1.25e-01    †
  F1             0.2381   0.3475   +0.1094   -3.368     2.81e-02     1.25e-01    *
  ───────────────────────────────────────────────────────────────────────
  *** p<0.001  ** p<0.01  * p<0.05  † p<0.10
  주의: n=5 folds — 검정력이 낮으므로 방향성(Δ) 참고 병행 권장

=======================================================
CrossAttn Test Evaluation  (scale_clin=True, scale_aec=False)
=======================================================

Logistic Regression — Test Set (Overall):
  AUC: 0.6539  AUPRC: 0.2178  Brier: 0.2047  Acc: 0.7373  F1: 0.2947

Logistic Regression — Test Set (By Sex):
  [M] n=99  AUC: 0.6083  AUPRC: 0.3052  Brier: 0.2690  Acc: 0.6364  F1: 0.3077
              precision    recall  f1-score   support

      Normal       0.86      0.67      0.75        82
  Sarcopenia       0.23      0.47      0.31        17

    accuracy                           0.64        99
   macro avg       0.54      0.57      0.53        99
weighted avg       0.75      0.64      0.68        99

  [F] n=156  AUC: 0.6903  AUPRC: 0.1971  Brier: 0.1639  Acc: 0.8013  F1: 0.2791
              precision    recall  f1-score   support

      Normal       0.96      0.82      0.88       145
  Sarcopenia       0.19      0.55      0.28        11

    accuracy                           0.80       156
   macro avg       0.57      0.68      0.58       156
weighted avg       0.91      0.80      0.84       156

CrossAttn — training final model for 14 epochs on full CV set …

CrossAttn — Test Set (Overall):
  AUC: 0.8287  AUPRC: 0.3891  Brier: 0.1799  Acc: 0.7216  F1: 0.3604

CrossAttn — Test Set (By Sex):
  [M] n=99  AUC: 0.8020  AUPRC: 0.4651  Brier: 0.2153  Acc: 0.6162  F1: 0.4062
              precision    recall  f1-score   support

      Normal       0.92      0.59      0.72        82
  Sarcopenia       0.28      0.76      0.41        17

    accuracy                           0.62        99
   macro avg       0.60      0.68      0.56        99
weighted avg       0.81      0.62      0.66        99

  [F] n=156  AUC: 0.8100  AUPRC: 0.2868  Brier: 0.1575  Acc: 0.7885  F1: 0.2979
              precision    recall  f1-score   support

      Normal       0.97      0.80      0.88       145
  Sarcopenia       0.19      0.64      0.30        11

    accuracy                           0.79       156
   macro avg       0.58      0.72      0.59       156
weighted avg       0.91      0.79      0.83       156

ResNet1D — training final model for 149 epochs on full CV set …

ResNet1D — Test Set (Overall):
  AUC: 0.6163  AUPRC: 0.1989  Brier: 0.2315  Acc: 0.6118  F1: 0.2443

ResNet1D — Test Set (By Sex):
  [M] n=99  AUC: 0.6040  AUPRC: 0.2666  Brier: 0.2177  Acc: 0.7273  F1: 0.3721
              precision    recall  f1-score   support

      Normal       0.88      0.78      0.83        82
  Sarcopenia       0.31      0.47      0.37        17

    accuracy                           0.73        99
   macro avg       0.59      0.63      0.60        99
weighted avg       0.78      0.73      0.75        99

  [F] n=156  AUC: 0.6771  AUPRC: 0.2018  Brier: 0.2403  Acc: 0.5385  F1: 0.1818
              precision    recall  f1-score   support

      Normal       0.96      0.52      0.68       145
  Sarcopenia       0.10      0.73      0.18        11

    accuracy                           0.54       156
   macro avg       0.53      0.63      0.43       156
weighted avg       0.90      0.54      0.64       156


Saved (model 2 (len128)):
  연구코드/results/0515/model_2\len128\scale_clinic/data_distribution.png
  연구코드/results/0515/model_2\len128\scale_clinic/cv_roc_curves.png
  연구코드/results/0515/model_2\len128\scale_clinic/cv_metric_distribution.png
  연구코드/results/0515/model_2\len128\scale_clinic/training_curves.png
  연구코드/results/0515/model_2\len128\scale_clinic/test_roc_curves.png
  연구코드/results/0515/model_2\len128\scale_clinic/test_roc_by_sex.png
  연구코드/results/0515/model_2\len128\scale_clinic/confusion_matrices.png
  연구코드/results/0515/model_2\len128\scale_clinic/calibration.png
  연구코드/results/0515/model_2\len128\scale_clinic/results.md

############################################################
  [M2 len128] CASE : scale_both  (scale_clinic=True, scale_aec=True)
############################################################
=======================================================
5-Fold CV  [CrossAttn | scale_clin=True, scale_aec=True]
=======================================================

── Fold 1/5 ──────────────────────────────
  LR   — AUC: 0.7403  AUPRC: 0.2588  Brier: 0.1764  Acc: 0.7549  F1: 0.3243
  CA   — AUC: 0.8177  AUPRC: 0.3718  Brier: 0.1525  Acc: 0.7941  F1: 0.4000  (best ep=12)
  RN1D — AUC: 0.8434  AUPRC: 0.4220  Brier: 0.1381  Acc: 0.8382  F1: 0.4590  (best ep=113)

── Fold 2/5 ──────────────────────────────
  LR   — AUC: 0.6635  AUPRC: 0.2761  Brier: 0.1917  Acc: 0.7255  F1: 0.2432
  CA   — AUC: 0.7017  AUPRC: 0.2273  Brier: 0.2054  Acc: 0.7059  F1: 0.3023  (best ep=102)
  RN1D — AUC: 0.7187  AUPRC: 0.2365  Brier: 0.1851  Acc: 0.7353  F1: 0.3415  (best ep=122)

── Fold 3/5 ──────────────────────────────
  LR   — AUC: 0.7534  AUPRC: 0.2315  Brier: 0.2006  Acc: 0.6847  F1: 0.3333
  CA   — AUC: 0.7988  AUPRC: 0.3338  Brier: 0.1920  Acc: 0.6502  F1: 0.3238  (best ep=4)
  RN1D — AUC: 0.7632  AUPRC: 0.2618  Brier: 0.2151  Acc: 0.6798  F1: 0.3434  (best ep=128)

── Fold 4/5 ──────────────────────────────
  LR   — AUC: 0.8403  AUPRC: 0.4826  Brier: 0.1642  Acc: 0.7833  F1: 0.4359
  CA   — AUC: 0.8114  AUPRC: 0.4493  Brier: 0.1966  Acc: 0.6798  F1: 0.3564  (best ep=23)
  RN1D — AUC: 0.8124  AUPRC: 0.4301  Brier: 0.1489  Acc: 0.7783  F1: 0.3662  (best ep=103)

── Fold 5/5 ──────────────────────────────
  LR   — AUC: 0.8564  AUPRC: 0.4774  Brier: 0.1825  Acc: 0.7241  F1: 0.3913
  CA   — AUC: 0.9043  AUPRC: 0.6239  Brier: 0.1412  Acc: 0.7291  F1: 0.4211  (best ep=4)
  RN1D — AUC: 0.9106  AUPRC: 0.5774  Brier: 0.1918  Acc: 0.6749  F1: 0.3889  (best ep=58)

===========================================================================
LR  —  5-Fold CV Summary
===========================================================================
  Fold      AUC-ROC      AUPRC      Brier   Accuracy         F1
  ----------------------------------------------------------
  1          0.7403     0.2588     0.1764     0.7549     0.3243
  2          0.6635     0.2761     0.1917     0.7255     0.2432
  3          0.7534     0.2315     0.2006     0.6847     0.3333
  4          0.8403     0.4826     0.1642     0.7833     0.4359
  5          0.8564     0.4774     0.1825     0.7241     0.3913
  ──────────────────────────────────────────────────────────
  Mean       0.7707     0.3453     0.1831     0.7345     0.3456
  ±Std       0.0706     0.1109     0.0125     0.0330     0.0653

===========================================================================
CrossAttn  —  5-Fold CV Summary
===========================================================================
  Fold      AUC-ROC      AUPRC      Brier   Accuracy         F1
  ----------------------------------------------------------
  1          0.8177     0.3718     0.1525     0.7941     0.4000
  2          0.7017     0.2273     0.2054     0.7059     0.3023
  3          0.7988     0.3338     0.1920     0.6502     0.3238
  4          0.8114     0.4493     0.1966     0.6798     0.3564
  5          0.9043     0.6239     0.1412     0.7291     0.4211
  ──────────────────────────────────────────────────────────
  Mean       0.8068     0.4012     0.1776     0.7118     0.3607
  ±Std       0.0644     0.1323     0.0257     0.0488     0.0447

===========================================================================
ResNet1D  —  5-Fold CV Summary
===========================================================================
  Fold      AUC-ROC      AUPRC      Brier   Accuracy         F1
  ----------------------------------------------------------
  1          0.8434     0.4220     0.1381     0.8382     0.4590
  2          0.7187     0.2365     0.1851     0.7353     0.3415
  3          0.7632     0.2618     0.2151     0.6798     0.3434
  4          0.8124     0.4301     0.1489     0.7783     0.3662
  5          0.9106     0.5774     0.1918     0.6749     0.3889
  ──────────────────────────────────────────────────────────
  Mean       0.8097     0.3856     0.1758     0.7413     0.3798
  ±Std       0.0660     0.1246     0.0284     0.0616     0.0432

=================================================================
  Statistical Comparison: [LR]  vs  [CrossAttn]
  Paired t-test + Wilcoxon signed-rank  (n=5 folds)
  Δ Mean = CrossAttn − LR  (양수 → CrossAttn가 우세)
=================================================================
  Metric          Mean1    Mean2    Δ Mean   t-stat      t p-val      W p-val     
  -----------------------------------------------------------------------
  AUC-ROC        0.7707   0.8068   +0.0360   -2.053     1.09e-01     1.25e-01     
  AUPRC          0.3453   0.4012   +0.0559   -1.386     2.38e-01     3.12e-01     
  Brier          0.1831   0.1776   -0.0055    0.422     6.95e-01     8.12e-01     
  Accuracy       0.7345   0.7118   -0.0227    0.956     3.93e-01     6.25e-01     
  F1             0.3456   0.3607   +0.0151   -0.545     6.15e-01     8.12e-01     
  ───────────────────────────────────────────────────────────────────────
  *** p<0.001  ** p<0.01  * p<0.05  † p<0.10
  주의: n=5 folds — 검정력이 낮으므로 방향성(Δ) 참고 병행 권장

=======================================================
CrossAttn Test Evaluation  (scale_clin=True, scale_aec=True)
=======================================================

Logistic Regression — Test Set (Overall):
  AUC: 0.8093  AUPRC: 0.3148  Brier: 0.1847  Acc: 0.7294  F1: 0.3670

Logistic Regression — Test Set (By Sex):
  [M] n=99  AUC: 0.7504  AUPRC: 0.3329  Brier: 0.2530  Acc: 0.6162  F1: 0.4242
              precision    recall  f1-score   support

      Normal       0.94      0.57      0.71        82
  Sarcopenia       0.29      0.82      0.42        17

    accuracy                           0.62        99
   macro avg       0.61      0.70      0.57        99
weighted avg       0.83      0.62      0.66        99

  [F] n=156  AUC: 0.8050  AUPRC: 0.3681  Brier: 0.1413  Acc: 0.8013  F1: 0.2791
              precision    recall  f1-score   support

      Normal       0.96      0.82      0.88       145
  Sarcopenia       0.19      0.55      0.28        11

    accuracy                           0.80       156
   macro avg       0.57      0.68      0.58       156
weighted avg       0.91      0.80      0.84       156

CrossAttn — training final model for 12 epochs on full CV set …

CrossAttn — Test Set (Overall):
  AUC: 0.8310  AUPRC: 0.3850  Brier: 0.1737  Acc: 0.7412  F1: 0.4000

CrossAttn — Test Set (By Sex):
  [M] n=99  AUC: 0.7733  AUPRC: 0.4250  Brier: 0.2323  Acc: 0.6667  F1: 0.4762
              precision    recall  f1-score   support

      Normal       0.96      0.62      0.76        82
  Sarcopenia       0.33      0.88      0.48        17

    accuracy                           0.67        99
   macro avg       0.64      0.75      0.62        99
weighted avg       0.85      0.67      0.71        99

  [F] n=156  AUC: 0.8451  AUPRC: 0.3648  Brier: 0.1364  Acc: 0.7885  F1: 0.2979
              precision    recall  f1-score   support

      Normal       0.97      0.80      0.88       145
  Sarcopenia       0.19      0.64      0.30        11

    accuracy                           0.79       156
   macro avg       0.58      0.72      0.59       156
weighted avg       0.91      0.79      0.83       156

ResNet1D — training final model for 113 epochs on full CV set …

ResNet1D — Test Set (Overall):
  AUC: 0.8046  AUPRC: 0.2697  Brier: 0.1650  Acc: 0.7569  F1: 0.3800

ResNet1D — Test Set (By Sex):
  [M] n=99  AUC: 0.7432  AUPRC: 0.2971  Brier: 0.2366  Acc: 0.6566  F1: 0.4516
              precision    recall  f1-score   support

      Normal       0.94      0.62      0.75        82
  Sarcopenia       0.31      0.82      0.45        17

    accuracy                           0.66        99
   macro avg       0.63      0.72      0.60        99
weighted avg       0.84      0.66      0.70        99

  [F] n=156  AUC: 0.8132  AUPRC: 0.3020  Brier: 0.1197  Acc: 0.8205  F1: 0.2632
              precision    recall  f1-score   support

      Normal       0.95      0.85      0.90       145
  Sarcopenia       0.19      0.45      0.26        11

    accuracy                           0.82       156
   macro avg       0.57      0.65      0.58       156
weighted avg       0.90      0.82      0.85       156


Saved (model 2 (len128)):
  연구코드/results/0515/model_2\len128\scale_both/data_distribution.png
  연구코드/results/0515/model_2\len128\scale_both/cv_roc_curves.png
  연구코드/results/0515/model_2\len128\scale_both/cv_metric_distribution.png
  연구코드/results/0515/model_2\len128\scale_both/training_curves.png
  연구코드/results/0515/model_2\len128\scale_both/test_roc_curves.png
  연구코드/results/0515/model_2\len128\scale_both/test_roc_by_sex.png
  연구코드/results/0515/model_2\len128\scale_both/confusion_matrices.png
  연구코드/results/0515/model_2\len128\scale_both/calibration.png
  연구코드/results/0515/model_2\len128\scale_both/results.md

############################################################
  [M2 len256] CASE : scale_clinic  (scale_clinic=True, scale_aec=False)
############################################################
=======================================================
5-Fold CV  [CrossAttn | scale_clin=True, scale_aec=False]
=======================================================

── Fold 1/5 ──────────────────────────────
  LR   — AUC: 0.4950  AUPRC: 0.1336  Brier: 0.2213  Acc: 0.7059  F1: 0.1667
  CA   — AUC: 0.8384  AUPRC: 0.3607  Brier: 0.2095  Acc: 0.7304  F1: 0.4086  (best ep=8)
  RN1D — AUC: 0.6286  AUPRC: 0.3144  Brier: 0.2535  Acc: 0.5196  F1: 0.2344  (best ep=3)

── Fold 2/5 ──────────────────────────────
  LR   — AUC: 0.6219  AUPRC: 0.1671  Brier: 0.1996  Acc: 0.7255  F1: 0.2000
  CA   — AUC: 0.7336  AUPRC: 0.2532  Brier: 0.2015  Acc: 0.7108  F1: 0.3516  (best ep=103)
  RN1D — AUC: 0.5835  AUPRC: 0.1336  Brier: 0.2708  Acc: 0.5833  F1: 0.2202  (best ep=26)

── Fold 3/5 ──────────────────────────────
  LR   — AUC: 0.4907  AUPRC: 0.1092  Brier: 0.2274  Acc: 0.6798  F1: 0.1096
  CA   — AUC: 0.8086  AUPRC: 0.3096  Brier: 0.2630  Acc: 0.5271  F1: 0.2836  (best ep=4)
  RN1D — AUC: 0.6158  AUPRC: 0.2480  Brier: 0.1997  Acc: 0.7488  F1: 0.3014  (best ep=2)

── Fold 4/5 ──────────────────────────────
  LR   — AUC: 0.7007  AUPRC: 0.2763  Brier: 0.2034  Acc: 0.7291  F1: 0.3210
  CA   — AUC: 0.8071  AUPRC: 0.4440  Brier: 0.1963  Acc: 0.6798  F1: 0.3299  (best ep=17)
  RN1D — AUC: 0.6718  AUPRC: 0.2057  Brier: 0.2439  Acc: 0.5961  F1: 0.2545  (best ep=1)

── Fold 5/5 ──────────────────────────────
  LR   — AUC: 0.6313  AUPRC: 0.1865  Brier: 0.1985  Acc: 0.7438  F1: 0.2778
  CA   — AUC: 0.9124  AUPRC: 0.6573  Brier: 0.1841  Acc: 0.6995  F1: 0.3960  (best ep=41)
  RN1D — AUC: 0.7260  AUPRC: 0.2885  Brier: 0.2421  Acc: 0.5468  F1: 0.2698  (best ep=110)

===========================================================================
LR  —  5-Fold CV Summary
===========================================================================
  Fold      AUC-ROC      AUPRC      Brier   Accuracy         F1
  ----------------------------------------------------------
  1          0.4950     0.1336     0.2213     0.7059     0.1667
  2          0.6219     0.1671     0.1996     0.7255     0.2000
  3          0.4907     0.1092     0.2274     0.6798     0.1096
  4          0.7007     0.2763     0.2034     0.7291     0.3210
  5          0.6313     0.1865     0.1985     0.7438     0.2778
  ──────────────────────────────────────────────────────────
  Mean       0.5879     0.1745     0.2100     0.7168     0.2150
  ±Std       0.0823     0.0574     0.0120     0.0221     0.0760

===========================================================================
CrossAttn  —  5-Fold CV Summary
===========================================================================
  Fold      AUC-ROC      AUPRC      Brier   Accuracy         F1
  ----------------------------------------------------------
  1          0.8384     0.3607     0.2095     0.7304     0.4086
  2          0.7336     0.2532     0.2015     0.7108     0.3516
  3          0.8086     0.3096     0.2630     0.5271     0.2836
  4          0.8071     0.4440     0.1963     0.6798     0.3299
  5          0.9124     0.6573     0.1841     0.6995     0.3960
  ──────────────────────────────────────────────────────────
  Mean       0.8200     0.4050     0.2109     0.6695     0.3540
  ±Std       0.0577     0.1409     0.0274     0.0731     0.0454

===========================================================================
ResNet1D  —  5-Fold CV Summary
===========================================================================
  Fold      AUC-ROC      AUPRC      Brier   Accuracy         F1
  ----------------------------------------------------------
  1          0.6286     0.3144     0.2535     0.5196     0.2344
  2          0.5835     0.1336     0.2708     0.5833     0.2202
  3          0.6158     0.2480     0.1997     0.7488     0.3014
  4          0.6718     0.2057     0.2439     0.5961     0.2545
  5          0.7260     0.2885     0.2421     0.5468     0.2698
  ──────────────────────────────────────────────────────────
  Mean       0.6451     0.2381     0.2420     0.5989     0.2561
  ±Std       0.0494     0.0639     0.0235     0.0796     0.0283

=================================================================
  Statistical Comparison: [LR]  vs  [CrossAttn]
  Paired t-test + Wilcoxon signed-rank  (n=5 folds)
  Δ Mean = CrossAttn − LR  (양수 → CrossAttn가 우세)
=================================================================
  Metric          Mean1    Mean2    Δ Mean   t-stat      t p-val      W p-val     
  -----------------------------------------------------------------------
  AUC-ROC        0.5879   0.8200   +0.2321   -4.533     1.05e-02     6.25e-02    *
  AUPRC          0.1745   0.4050   +0.2304   -3.567     2.34e-02     6.25e-02    *
  Brier          0.2100   0.2109   +0.0009   -0.093     9.30e-01     8.12e-01     
  Accuracy       0.7168   0.6695   -0.0473    1.606     1.83e-01     1.88e-01     
  F1             0.2150   0.3540   +0.1389   -3.628     2.22e-02     6.25e-02    *
  ───────────────────────────────────────────────────────────────────────
  *** p<0.001  ** p<0.01  * p<0.05  † p<0.10
  주의: n=5 folds — 검정력이 낮으므로 방향성(Δ) 참고 병행 권장

=======================================================
CrossAttn Test Evaluation  (scale_clin=True, scale_aec=False)
=======================================================

Logistic Regression — Test Set (Overall):
  AUC: 0.6070  AUPRC: 0.1929  Brier: 0.2061  Acc: 0.7176  F1: 0.2340

Logistic Regression — Test Set (By Sex):
  [M] n=99  AUC: 0.5617  AUPRC: 0.2813  Brier: 0.2652  Acc: 0.6263  F1: 0.2449
              precision    recall  f1-score   support

      Normal       0.84      0.68      0.75        82
  Sarcopenia       0.19      0.35      0.24        17

    accuracy                           0.63        99
   macro avg       0.51      0.52      0.50        99
weighted avg       0.72      0.63      0.66        99

  [F] n=156  AUC: 0.6489  AUPRC: 0.1625  Brier: 0.1686  Acc: 0.7756  F1: 0.2222
              precision    recall  f1-score   support

      Normal       0.95      0.80      0.87       145
  Sarcopenia       0.15      0.45      0.22        11

    accuracy                           0.78       156
   macro avg       0.55      0.63      0.55       156
weighted avg       0.89      0.78      0.82       156

CrossAttn — training final model for 17 epochs on full CV set …

CrossAttn — Test Set (Overall):
  AUC: 0.8269  AUPRC: 0.4135  Brier: 0.1920  Acc: 0.6863  F1: 0.3333

CrossAttn — Test Set (By Sex):
  [M] n=99  AUC: 0.8034  AUPRC: 0.4532  Brier: 0.2067  Acc: 0.6566  F1: 0.4333
              precision    recall  f1-score   support

      Normal       0.93      0.63      0.75        82
  Sarcopenia       0.30      0.76      0.43        17

    accuracy                           0.66        99
   macro avg       0.62      0.70      0.59        99
weighted avg       0.82      0.66      0.70        99

  [F] n=156  AUC: 0.8351  AUPRC: 0.3752  Brier: 0.1827  Acc: 0.7051  F1: 0.2333
              precision    recall  f1-score   support

      Normal       0.96      0.71      0.82       145
  Sarcopenia       0.14      0.64      0.23        11

    accuracy                           0.71       156
   macro avg       0.55      0.67      0.53       156
weighted avg       0.90      0.71      0.78       156

ResNet1D — training final model for 3 epochs on full CV set …

ResNet1D — Test Set (Overall):
  AUC: 0.6543  AUPRC: 0.2156  Brier: 0.2592  Acc: 0.5216  F1: 0.2469

ResNet1D — Test Set (By Sex):
  [M] n=99  AUC: 0.6865  AUPRC: 0.3497  Brier: 0.2277  Acc: 0.6970  F1: 0.4231
              precision    recall  f1-score   support

      Normal       0.91      0.71      0.79        82
  Sarcopenia       0.31      0.65      0.42        17

    accuracy                           0.70        99
   macro avg       0.61      0.68      0.61        99
weighted avg       0.80      0.70      0.73        99

  [F] n=156  AUC: 0.7060  AUPRC: 0.1846  Brier: 0.2792  Acc: 0.4103  F1: 0.1636
              precision    recall  f1-score   support

      Normal       0.96      0.38      0.54       145
  Sarcopenia       0.09      0.82      0.16        11

    accuracy                           0.41       156
   macro avg       0.53      0.60      0.35       156
weighted avg       0.90      0.41      0.52       156


Saved (model 2 (len256)):
  연구코드/results/0515/model_2\len256\scale_clinic/data_distribution.png
  연구코드/results/0515/model_2\len256\scale_clinic/cv_roc_curves.png
  연구코드/results/0515/model_2\len256\scale_clinic/cv_metric_distribution.png
  연구코드/results/0515/model_2\len256\scale_clinic/training_curves.png
  연구코드/results/0515/model_2\len256\scale_clinic/test_roc_curves.png
  연구코드/results/0515/model_2\len256\scale_clinic/test_roc_by_sex.png
  연구코드/results/0515/model_2\len256\scale_clinic/confusion_matrices.png
  연구코드/results/0515/model_2\len256\scale_clinic/calibration.png
  연구코드/results/0515/model_2\len256\scale_clinic/results.md

############################################################
  [M2 len256] CASE : scale_both  (scale_clinic=True, scale_aec=True)
############################################################
=======================================================
5-Fold CV  [CrossAttn | scale_clin=True, scale_aec=True]
=======================================================

── Fold 1/5 ──────────────────────────────
  LR   — AUC: 0.7275  AUPRC: 0.2489  Brier: 0.1761  Acc: 0.7500  F1: 0.3200
  CA   — AUC: 0.8382  AUPRC: 0.3695  Brier: 0.1931  Acc: 0.7108  F1: 0.3789  (best ep=3)
  RN1D — AUC: 0.6591  AUPRC: 0.2847  Brier: 0.2478  Acc: 0.4755  F1: 0.2302  (best ep=146)

── Fold 2/5 ──────────────────────────────
  LR   — AUC: 0.6635  AUPRC: 0.2747  Brier: 0.1899  Acc: 0.7304  F1: 0.2466
  CA   — AUC: 0.7012  AUPRC: 0.2276  Brier: 0.2067  Acc: 0.6961  F1: 0.3111  (best ep=3)
  RN1D — AUC: 0.7187  AUPRC: 0.2607  Brier: 0.1678  Acc: 0.7696  F1: 0.3380  (best ep=102)

── Fold 3/5 ──────────────────────────────
  LR   — AUC: 0.7401  AUPRC: 0.2183  Brier: 0.2022  Acc: 0.6749  F1: 0.3125
  CA   — AUC: 0.8330  AUPRC: 0.3915  Brier: 0.1643  Acc: 0.6897  F1: 0.3505  (best ep=3)
  RN1D — AUC: 0.5224  AUPRC: 0.1113  Brier: 0.2361  Acc: 0.5320  F1: 0.2017  (best ep=11)

── Fold 4/5 ──────────────────────────────
  LR   — AUC: 0.8275  AUPRC: 0.4662  Brier: 0.1655  Acc: 0.7537  F1: 0.3902
  CA   — AUC: 0.8204  AUPRC: 0.4360  Brier: 0.1686  Acc: 0.7537  F1: 0.3750  (best ep=5)
  RN1D — AUC: 0.7911  AUPRC: 0.4274  Brier: 0.1869  Acc: 0.7340  F1: 0.3571  (best ep=147)

── Fold 5/5 ──────────────────────────────
  LR   — AUC: 0.8491  AUPRC: 0.4777  Brier: 0.1818  Acc: 0.6946  F1: 0.3542
  CA   — AUC: 0.9056  AUPRC: 0.6215  Brier: 0.1512  Acc: 0.7340  F1: 0.4375  (best ep=13)
  RN1D — AUC: 0.8704  AUPRC: 0.5271  Brier: 0.1779  Acc: 0.7192  F1: 0.3871  (best ep=174)

===========================================================================
LR  —  5-Fold CV Summary
===========================================================================
  Fold      AUC-ROC      AUPRC      Brier   Accuracy         F1
  ----------------------------------------------------------
  1          0.7275     0.2489     0.1761     0.7500     0.3200
  2          0.6635     0.2747     0.1899     0.7304     0.2466
  3          0.7401     0.2183     0.2022     0.6749     0.3125
  4          0.8275     0.4662     0.1655     0.7537     0.3902
  5          0.8491     0.4777     0.1818     0.6946     0.3542
  ──────────────────────────────────────────────────────────
  Mean       0.7615     0.3372     0.1831     0.7207     0.3247
  ±Std       0.0682     0.1116     0.0124     0.0311     0.0478

===========================================================================
CrossAttn  —  5-Fold CV Summary
===========================================================================
  Fold      AUC-ROC      AUPRC      Brier   Accuracy         F1
  ----------------------------------------------------------
  1          0.8382     0.3695     0.1931     0.7108     0.3789
  2          0.7012     0.2276     0.2067     0.6961     0.3111
  3          0.8330     0.3915     0.1643     0.6897     0.3505
  4          0.8204     0.4360     0.1686     0.7537     0.3750
  5          0.9056     0.6215     0.1512     0.7340     0.4375
  ──────────────────────────────────────────────────────────
  Mean       0.8197     0.4092     0.1768     0.7168     0.3706
  ±Std       0.0662     0.1270     0.0202     0.0239     0.0412

===========================================================================
ResNet1D  —  5-Fold CV Summary
===========================================================================
  Fold      AUC-ROC      AUPRC      Brier   Accuracy         F1
  ----------------------------------------------------------
  1          0.6591     0.2847     0.2478     0.4755     0.2302
  2          0.7187     0.2607     0.1678     0.7696     0.3380
  3          0.5224     0.1113     0.2361     0.5320     0.2017
  4          0.7911     0.4274     0.1869     0.7340     0.3571
  5          0.8704     0.5271     0.1779     0.7192     0.3871
  ──────────────────────────────────────────────────────────
  Mean       0.7123     0.3222     0.2033     0.6461     0.3028
  ±Std       0.1185     0.1433     0.0324     0.1187     0.0732

=================================================================
  Statistical Comparison: [LR]  vs  [CrossAttn]
  Paired t-test + Wilcoxon signed-rank  (n=5 folds)
  Δ Mean = CrossAttn − LR  (양수 → CrossAttn가 우세)
=================================================================
  Metric          Mean1    Mean2    Δ Mean   t-stat      t p-val      W p-val     
  -----------------------------------------------------------------------
  AUC-ROC        0.7615   0.8197   +0.0581   -2.799     4.89e-02     1.25e-01    *
  AUPRC          0.3372   0.4092   +0.0721   -1.565     1.93e-01     3.12e-01     
  Brier          0.1831   0.1768   -0.0063    0.537     6.20e-01     8.12e-01     
  Accuracy       0.7207   0.7168   -0.0039    0.260     8.07e-01     1.00e+00     
  F1             0.3247   0.3706   +0.0459   -2.715     5.32e-02     1.25e-01    †
  ───────────────────────────────────────────────────────────────────────
  *** p<0.001  ** p<0.01  * p<0.05  † p<0.10
  주의: n=5 folds — 검정력이 낮으므로 방향성(Δ) 참고 병행 권장

=======================================================
CrossAttn Test Evaluation  (scale_clin=True, scale_aec=True)
=======================================================

Logistic Regression — Test Set (Overall):
  AUC: 0.8029  AUPRC: 0.3056  Brier: 0.1843  Acc: 0.7294  F1: 0.3670

Logistic Regression — Test Set (By Sex):
  [M] n=99  AUC: 0.7446  AUPRC: 0.3225  Brier: 0.2514  Acc: 0.6061  F1: 0.4179
              precision    recall  f1-score   support

      Normal       0.94      0.56      0.70        82
  Sarcopenia       0.28      0.82      0.42        17

    accuracy                           0.61        99
   macro avg       0.61      0.69      0.56        99
weighted avg       0.83      0.61      0.65        99

  [F] n=156  AUC: 0.8025  AUPRC: 0.3677  Brier: 0.1418  Acc: 0.8077  F1: 0.2857
              precision    recall  f1-score   support

      Normal       0.96      0.83      0.89       145
  Sarcopenia       0.19      0.55      0.29        11

    accuracy                           0.81       156
   macro avg       0.58      0.69      0.59       156
weighted avg       0.91      0.81      0.85       156

CrossAttn — training final model for 3 epochs on full CV set …

CrossAttn — Test Set (Overall):
  AUC: 0.8334  AUPRC: 0.3480  Brier: 0.2174  Acc: 0.6510  F1: 0.3597

CrossAttn — Test Set (By Sex):
  [M] n=99  AUC: 0.7891  AUPRC: 0.3638  Brier: 0.2415  Acc: 0.6465  F1: 0.4776
              precision    recall  f1-score   support

      Normal       0.98      0.59      0.73        82
  Sarcopenia       0.32      0.94      0.48        17

    accuracy                           0.65        99
   macro avg       0.65      0.76      0.61        99
weighted avg       0.87      0.65      0.69        99

  [F] n=156  AUC: 0.8408  AUPRC: 0.4344  Brier: 0.2021  Acc: 0.6538  F1: 0.2500
              precision    recall  f1-score   support

      Normal       0.98      0.64      0.78       145
  Sarcopenia       0.15      0.82      0.25        11

    accuracy                           0.65       156
   macro avg       0.56      0.73      0.51       156
weighted avg       0.92      0.65      0.74       156

ResNet1D — training final model for 146 epochs on full CV set …

ResNet1D — Test Set (Overall):
  AUC: 0.6591  AUPRC: 0.2515  Brier: 0.2240  Acc: 0.6000  F1: 0.2817

ResNet1D — Test Set (By Sex):
  [M] n=99  AUC: 0.6420  AUPRC: 0.3639  Brier: 0.2171  Acc: 0.6566  F1: 0.3929
              precision    recall  f1-score   support

      Normal       0.90      0.66      0.76        82
  Sarcopenia       0.28      0.65      0.39        17

    accuracy                           0.66        99
   macro avg       0.59      0.65      0.58        99
weighted avg       0.79      0.66      0.70        99

  [F] n=156  AUC: 0.7154  AUPRC: 0.1843  Brier: 0.2284  Acc: 0.5641  F1: 0.2093
              precision    recall  f1-score   support

      Normal       0.98      0.54      0.70       145
  Sarcopenia       0.12      0.82      0.21        11

    accuracy                           0.56       156
   macro avg       0.55      0.68      0.45       156
weighted avg       0.91      0.56      0.66       156


Saved (model 2 (len256)):
  연구코드/results/0515/model_2\len256\scale_both/data_distribution.png
  연구코드/results/0515/model_2\len256\scale_both/cv_roc_curves.png
  연구코드/results/0515/model_2\len256\scale_both/cv_metric_distribution.png
  연구코드/results/0515/model_2\len256\scale_both/training_curves.png
  연구코드/results/0515/model_2\len256\scale_both/test_roc_curves.png
  연구코드/results/0515/model_2\len256\scale_both/test_roc_by_sex.png
  연구코드/results/0515/model_2\len256\scale_both/confusion_matrices.png
  연구코드/results/0515/model_2\len256\scale_both/calibration.png
  연구코드/results/0515/model_2\len256\scale_both/results.md

############################################################
  [M2 crop80] CASE : scale_clinic  (scale_clinic=True, scale_aec=False)
############################################################
=======================================================
5-Fold CV  [CrossAttn | scale_clin=True, scale_aec=False]
=======================================================

── Fold 1/5 ──────────────────────────────
  LR   — AUC: 0.4908  AUPRC: 0.1373  Brier: 0.2339  Acc: 0.6912  F1: 0.1600
  CA   — AUC: 0.8034  AUPRC: 0.3120  Brier: 0.2596  Acc: 0.5784  F1: 0.3175  (best ep=5)
  RN1D — AUC: 0.6156  AUPRC: 0.2113  Brier: 0.2385  Acc: 0.5294  F1: 0.2258  (best ep=42)

── Fold 2/5 ──────────────────────────────
  LR   — AUC: 0.6462  AUPRC: 0.2087  Brier: 0.2090  Acc: 0.7157  F1: 0.2564
  CA   — AUC: 0.7125  AUPRC: 0.2670  Brier: 0.1739  Acc: 0.7696  F1: 0.3380  (best ep=111)
  RN1D — AUC: 0.6145  AUPRC: 0.1467  Brier: 0.2655  Acc: 0.5294  F1: 0.2258  (best ep=8)

── Fold 3/5 ──────────────────────────────
  LR   — AUC: 0.6492  AUPRC: 0.1621  Brier: 0.2108  Acc: 0.6995  F1: 0.2989
  CA   — AUC: 0.7986  AUPRC: 0.3419  Brier: 0.2870  Acc: 0.4828  F1: 0.2657  (best ep=2)
  RN1D — AUC: 0.5897  AUPRC: 0.2139  Brier: 0.1993  Acc: 0.7192  F1: 0.2597  (best ep=4)

── Fold 4/5 ──────────────────────────────
  LR   — AUC: 0.6439  AUPRC: 0.2688  Brier: 0.2139  Acc: 0.6897  F1: 0.2588
  CA   — AUC: 0.7936  AUPRC: 0.3936  Brier: 0.1331  Acc: 0.7931  F1: 0.3636  (best ep=6)
  RN1D — AUC: 0.6615  AUPRC: 0.2461  Brier: 0.2310  Acc: 0.5961  F1: 0.2545  (best ep=3)

── Fold 5/5 ──────────────────────────────
  LR   — AUC: 0.6753  AUPRC: 0.2113  Brier: 0.1958  Acc: 0.7192  F1: 0.2597
  CA   — AUC: 0.8968  AUPRC: 0.6403  Brier: 0.1867  Acc: 0.6502  F1: 0.3717  (best ep=13)
  RN1D — AUC: 0.7526  AUPRC: 0.3269  Brier: 0.2364  Acc: 0.4926  F1: 0.2695  (best ep=54)

===========================================================================
LR  —  5-Fold CV Summary
===========================================================================
  Fold      AUC-ROC      AUPRC      Brier   Accuracy         F1
  ----------------------------------------------------------
  1          0.4908     0.1373     0.2339     0.6912     0.1600
  2          0.6462     0.2087     0.2090     0.7157     0.2564
  3          0.6492     0.1621     0.2108     0.6995     0.2989
  4          0.6439     0.2688     0.2139     0.6897     0.2588
  5          0.6753     0.2113     0.1958     0.7192     0.2597
  ──────────────────────────────────────────────────────────
  Mean       0.6211     0.1976     0.2127     0.7030     0.2468
  ±Std       0.0661     0.0454     0.0123     0.0123     0.0461

===========================================================================
CrossAttn  —  5-Fold CV Summary
===========================================================================
  Fold      AUC-ROC      AUPRC      Brier   Accuracy         F1
  ----------------------------------------------------------
  1          0.8034     0.3120     0.2596     0.5784     0.3175
  2          0.7125     0.2670     0.1739     0.7696     0.3380
  3          0.7986     0.3419     0.2870     0.4828     0.2657
  4          0.7936     0.3936     0.1331     0.7931     0.3636
  5          0.8968     0.6403     0.1867     0.6502     0.3717
  ──────────────────────────────────────────────────────────
  Mean       0.8010     0.3910     0.2081     0.6548     0.3313
  ±Std       0.0584     0.1313     0.0568     0.1164     0.0380

===========================================================================
ResNet1D  —  5-Fold CV Summary
===========================================================================
  Fold      AUC-ROC      AUPRC      Brier   Accuracy         F1
  ----------------------------------------------------------
  1          0.6156     0.2113     0.2385     0.5294     0.2258
  2          0.6145     0.1467     0.2655     0.5294     0.2258
  3          0.5897     0.2139     0.1993     0.7192     0.2597
  4          0.6615     0.2461     0.2310     0.5961     0.2545
  5          0.7526     0.3269     0.2364     0.4926     0.2695
  ──────────────────────────────────────────────────────────
  Mean       0.6468     0.2290     0.2341     0.5733     0.2471
  ±Std       0.0578     0.0586     0.0211     0.0802     0.0180

=================================================================
  Statistical Comparison: [LR]  vs  [CrossAttn]
  Paired t-test + Wilcoxon signed-rank  (n=5 folds)
  Δ Mean = CrossAttn − LR  (양수 → CrossAttn가 우세)
=================================================================
  Metric          Mean1    Mean2    Δ Mean   t-stat      t p-val      W p-val     
  -----------------------------------------------------------------------
  AUC-ROC        0.6211   0.8010   +0.1799   -4.357     1.21e-02     6.25e-02    *
  AUPRC          0.1976   0.3910   +0.1933   -3.077     3.70e-02     6.25e-02    *
  Brier          0.2127   0.2081   -0.0046    0.173     8.71e-01     8.12e-01     
  Accuracy       0.7030   0.6548   -0.0482    0.837     4.50e-01     4.38e-01     
  F1             0.2468   0.3313   +0.0845   -2.652     5.69e-02     1.25e-01    †
  ───────────────────────────────────────────────────────────────────────
  *** p<0.001  ** p<0.01  * p<0.05  † p<0.10
  주의: n=5 folds — 검정력이 낮으므로 방향성(Δ) 참고 병행 권장

=======================================================
CrossAttn Test Evaluation  (scale_clin=True, scale_aec=False)
=======================================================

Logistic Regression — Test Set (Overall):
  AUC: 0.6204  AUPRC: 0.1835  Brier: 0.2093  Acc: 0.6863  F1: 0.2000

Logistic Regression — Test Set (By Sex):
  [M] n=99  AUC: 0.6033  AUPRC: 0.2806  Brier: 0.2481  Acc: 0.6263  F1: 0.2449
              precision    recall  f1-score   support

      Normal       0.84      0.68      0.75        82
  Sarcopenia       0.19      0.35      0.24        17

    accuracy                           0.63        99
   macro avg       0.51      0.52      0.50        99
weighted avg       0.72      0.63      0.66        99

  [F] n=156  AUC: 0.6276  AUPRC: 0.1310  Brier: 0.1846  Acc: 0.7244  F1: 0.1569
              precision    recall  f1-score   support

      Normal       0.94      0.75      0.84       145
  Sarcopenia       0.10      0.36      0.16        11

    accuracy                           0.72       156
   macro avg       0.52      0.56      0.50       156
weighted avg       0.88      0.72      0.79       156

CrossAttn — training final model for 6 epochs on full CV set …

CrossAttn — Test Set (Overall):
  AUC: 0.8180  AUPRC: 0.3154  Brier: 0.2035  Acc: 0.6745  F1: 0.3360

CrossAttn — Test Set (By Sex):
  [M] n=99  AUC: 0.7755  AUPRC: 0.3402  Brier: 0.2464  Acc: 0.6263  F1: 0.4308
              precision    recall  f1-score   support

      Normal       0.94      0.59      0.72        82
  Sarcopenia       0.29      0.82      0.43        17

    accuracy                           0.63        99
   macro avg       0.62      0.70      0.58        99
weighted avg       0.83      0.63      0.67        99

  [F] n=156  AUC: 0.8176  AUPRC: 0.3264  Brier: 0.1763  Acc: 0.7051  F1: 0.2333
              precision    recall  f1-score   support

      Normal       0.96      0.71      0.82       145
  Sarcopenia       0.14      0.64      0.23        11

    accuracy                           0.71       156
   macro avg       0.55      0.67      0.53       156
weighted avg       0.90      0.71      0.78       156

ResNet1D — training final model for 8 epochs on full CV set …

ResNet1D — Test Set (Overall):
  AUC: 0.6216  AUPRC: 0.2054  Brier: 0.2369  Acc: 0.5765  F1: 0.2286

ResNet1D — Test Set (By Sex):
  [M] n=99  AUC: 0.6155  AUPRC: 0.3252  Brier: 0.2214  Acc: 0.6869  F1: 0.3404
              precision    recall  f1-score   support

      Normal       0.87      0.73      0.79        82
  Sarcopenia       0.27      0.47      0.34        17

    accuracy                           0.69        99
   macro avg       0.57      0.60      0.57        99
weighted avg       0.77      0.69      0.72        99

  [F] n=156  AUC: 0.6803  AUPRC: 0.1811  Brier: 0.2467  Acc: 0.5064  F1: 0.1720
              precision    recall  f1-score   support

      Normal       0.96      0.49      0.65       145
  Sarcopenia       0.10      0.73      0.17        11

    accuracy                           0.51       156
   macro avg       0.53      0.61      0.41       156
weighted avg       0.90      0.51      0.61       156


Saved (model 2 (crop80)):
  연구코드/results/0515/model_2\crop80\scale_clinic/data_distribution.png
  연구코드/results/0515/model_2\crop80\scale_clinic/cv_roc_curves.png
  연구코드/results/0515/model_2\crop80\scale_clinic/cv_metric_distribution.png
  연구코드/results/0515/model_2\crop80\scale_clinic/training_curves.png
  연구코드/results/0515/model_2\crop80\scale_clinic/test_roc_curves.png
  연구코드/results/0515/model_2\crop80\scale_clinic/test_roc_by_sex.png
  연구코드/results/0515/model_2\crop80\scale_clinic/confusion_matrices.png
  연구코드/results/0515/model_2\crop80\scale_clinic/calibration.png
  연구코드/results/0515/model_2\crop80\scale_clinic/results.md

############################################################
  [M2 crop80] CASE : scale_both  (scale_clinic=True, scale_aec=True)
############################################################
=======================================================
5-Fold CV  [CrossAttn | scale_clin=True, scale_aec=True]
=======================================================

── Fold 1/5 ──────────────────────────────
  LR   — AUC: 0.7562  AUPRC: 0.2614  Brier: 0.1781  Acc: 0.7451  F1: 0.3158
  CA   — AUC: 0.8139  AUPRC: 0.3067  Brier: 0.1995  Acc: 0.7402  F1: 0.3765  (best ep=37)
  RN1D — AUC: 0.6796  AUPRC: 0.2265  Brier: 0.2089  Acc: 0.6863  F1: 0.2558  (best ep=182)

── Fold 2/5 ──────────────────────────────
  LR   — AUC: 0.6736  AUPRC: 0.2702  Brier: 0.1881  Acc: 0.7304  F1: 0.2254
  CA   — AUC: 0.7036  AUPRC: 0.2258  Brier: 0.2242  Acc: 0.6814  F1: 0.3299  (best ep=10)
  RN1D — AUC: 0.6916  AUPRC: 0.2737  Brier: 0.2041  Acc: 0.6961  F1: 0.3111  (best ep=141)

── Fold 3/5 ──────────────────────────────
  LR   — AUC: 0.7554  AUPRC: 0.2286  Brier: 0.1997  Acc: 0.7241  F1: 0.3778
  CA   — AUC: 0.8174  AUPRC: 0.3392  Brier: 0.2307  Acc: 0.6207  F1: 0.3186  (best ep=5)
  RN1D — AUC: 0.7069  AUPRC: 0.2292  Brier: 0.1997  Acc: 0.7340  F1: 0.3415  (best ep=139)

── Fold 4/5 ──────────────────────────────
  LR   — AUC: 0.8267  AUPRC: 0.4558  Brier: 0.1678  Acc: 0.7635  F1: 0.4146
  CA   — AUC: 0.8049  AUPRC: 0.4075  Brier: 0.1770  Acc: 0.7340  F1: 0.3721  (best ep=7)
  RN1D — AUC: 0.7858  AUPRC: 0.4197  Brier: 0.1575  Acc: 0.7783  F1: 0.3662  (best ep=151)

── Fold 5/5 ──────────────────────────────
  LR   — AUC: 0.8564  AUPRC: 0.5208  Brier: 0.1777  Acc: 0.7192  F1: 0.4000
  CA   — AUC: 0.8885  AUPRC: 0.5920  Brier: 0.1868  Acc: 0.7192  F1: 0.4124  (best ep=19)
  RN1D — AUC: 0.8965  AUPRC: 0.5383  Brier: 0.2050  Acc: 0.5813  F1: 0.3307  (best ep=142)

===========================================================================
LR  —  5-Fold CV Summary
===========================================================================
  Fold      AUC-ROC      AUPRC      Brier   Accuracy         F1
  ----------------------------------------------------------
  1          0.7562     0.2614     0.1781     0.7451     0.3158
  2          0.6736     0.2702     0.1881     0.7304     0.2254
  3          0.7554     0.2286     0.1997     0.7241     0.3778
  4          0.8267     0.4558     0.1678     0.7635     0.4146
  5          0.8564     0.5208     0.1777     0.7192     0.4000
  ──────────────────────────────────────────────────────────
  Mean       0.7737     0.3474     0.1823     0.7365     0.3467
  ±Std       0.0637     0.1177     0.0108     0.0161     0.0694

===========================================================================
CrossAttn  —  5-Fold CV Summary
===========================================================================
  Fold      AUC-ROC      AUPRC      Brier   Accuracy         F1
  ----------------------------------------------------------
  1          0.8139     0.3067     0.1995     0.7402     0.3765
  2          0.7036     0.2258     0.2242     0.6814     0.3299
  3          0.8174     0.3392     0.2307     0.6207     0.3186
  4          0.8049     0.4075     0.1770     0.7340     0.3721
  5          0.8885     0.5920     0.1868     0.7192     0.4124
  ──────────────────────────────────────────────────────────
  Mean       0.8057     0.3742     0.2036     0.6991     0.3619
  ±Std       0.0591     0.1236     0.0208     0.0442     0.0340

===========================================================================
ResNet1D  —  5-Fold CV Summary
===========================================================================
  Fold      AUC-ROC      AUPRC      Brier   Accuracy         F1
  ----------------------------------------------------------
  1          0.6796     0.2265     0.2089     0.6863     0.2558
  2          0.6916     0.2737     0.2041     0.6961     0.3111
  3          0.7069     0.2292     0.1997     0.7340     0.3415
  4          0.7858     0.4197     0.1575     0.7783     0.3662
  5          0.8965     0.5383     0.2050     0.5813     0.3307
  ──────────────────────────────────────────────────────────
  Mean       0.7521     0.3375     0.1950     0.6952     0.3211
  ±Std       0.0812     0.1226     0.0190     0.0655     0.0372

=================================================================
  Statistical Comparison: [LR]  vs  [CrossAttn]
  Paired t-test + Wilcoxon signed-rank  (n=5 folds)
  Δ Mean = CrossAttn − LR  (양수 → CrossAttn가 우세)
=================================================================
  Metric          Mean1    Mean2    Δ Mean   t-stat      t p-val      W p-val     
  -----------------------------------------------------------------------
  AUC-ROC        0.7737   0.8057   +0.0320   -2.142     9.88e-02     1.25e-01    †
  AUPRC          0.3474   0.3742   +0.0269   -0.848     4.44e-01     4.38e-01     
  Brier          0.1823   0.2036   +0.0214   -3.868     1.80e-02     6.25e-02    *
  Accuracy       0.7365   0.6991   -0.0374    1.996     1.17e-01     1.25e-01     
  F1             0.3467   0.3619   +0.0152   -0.493     6.48e-01     6.25e-01     
  ───────────────────────────────────────────────────────────────────────
  *** p<0.001  ** p<0.01  * p<0.05  † p<0.10
  주의: n=5 folds — 검정력이 낮으므로 방향성(Δ) 참고 병행 권장

=======================================================
CrossAttn Test Evaluation  (scale_clin=True, scale_aec=True)
=======================================================

Logistic Regression — Test Set (Overall):
  AUC: 0.8005  AUPRC: 0.2966  Brier: 0.1860  Acc: 0.7294  F1: 0.3894

Logistic Regression — Test Set (By Sex):
  [M] n=99  AUC: 0.7367  AUPRC: 0.3047  Brier: 0.2544  Acc: 0.6465  F1: 0.4615
              precision    recall  f1-score   support

      Normal       0.96      0.60      0.74        82
  Sarcopenia       0.31      0.88      0.46        17

    accuracy                           0.65        99
   macro avg       0.64      0.74      0.60        99
weighted avg       0.85      0.65      0.69        99

  [F] n=156  AUC: 0.8082  AUPRC: 0.3769  Brier: 0.1427  Acc: 0.7821  F1: 0.2917
              precision    recall  f1-score   support

      Normal       0.97      0.79      0.87       145
  Sarcopenia       0.19      0.64      0.29        11

    accuracy                           0.78       156
   macro avg       0.58      0.71      0.58       156
weighted avg       0.91      0.78      0.83       156

CrossAttn — training final model for 10 epochs on full CV set …

CrossAttn — Test Set (Overall):
  AUC: 0.8162  AUPRC: 0.3890  Brier: 0.1867  Acc: 0.6627  F1: 0.3175

CrossAttn — Test Set (By Sex):
  [M] n=99  AUC: 0.8006  AUPRC: 0.4426  Brier: 0.2140  Acc: 0.6263  F1: 0.4127
              precision    recall  f1-score   support

      Normal       0.92      0.60      0.73        82
  Sarcopenia       0.28      0.76      0.41        17

    accuracy                           0.63        99
   macro avg       0.60      0.68      0.57        99
weighted avg       0.81      0.63      0.67        99

  [F] n=156  AUC: 0.8006  AUPRC: 0.3810  Brier: 0.1694  Acc: 0.6859  F1: 0.2222
              precision    recall  f1-score   support

      Normal       0.96      0.69      0.80       145
  Sarcopenia       0.13      0.64      0.22        11

    accuracy                           0.69       156
   macro avg       0.55      0.66      0.51       156
weighted avg       0.90      0.69      0.76       156

ResNet1D — training final model for 142 epochs on full CV set …

ResNet1D — Test Set (Overall):
  AUC: 0.8255  AUPRC: 0.3677  Brier: 0.1674  Acc: 0.7765  F1: 0.4124

ResNet1D — Test Set (By Sex):
  [M] n=99  AUC: 0.7841  AUPRC: 0.3906  Brier: 0.2065  Acc: 0.6667  F1: 0.4590
              precision    recall  f1-score   support

      Normal       0.95      0.63      0.76        82
  Sarcopenia       0.32      0.82      0.46        17

    accuracy                           0.67        99
   macro avg       0.63      0.73      0.61        99
weighted avg       0.84      0.67      0.71        99

  [F] n=156  AUC: 0.8113  AUPRC: 0.3793  Brier: 0.1426  Acc: 0.8462  F1: 0.3333
              precision    recall  f1-score   support

      Normal       0.96      0.87      0.91       145
  Sarcopenia       0.24      0.55      0.33        11

    accuracy                           0.85       156
   macro avg       0.60      0.71      0.62       156
weighted avg       0.91      0.85      0.87       156


Saved (model 2 (crop80)):
  연구코드/results/0515/model_2\crop80\scale_both/data_distribution.png
  연구코드/results/0515/model_2\crop80\scale_both/cv_roc_curves.png
  연구코드/results/0515/model_2\crop80\scale_both/cv_metric_distribution.png
  연구코드/results/0515/model_2\crop80\scale_both/training_curves.png
  연구코드/results/0515/model_2\crop80\scale_both/test_roc_curves.png
  연구코드/results/0515/model_2\crop80\scale_both/test_roc_by_sex.png
  연구코드/results/0515/model_2\crop80\scale_both/confusion_matrices.png
  연구코드/results/0515/model_2\crop80\scale_both/calibration.png
  연구코드/results/0515/model_2\crop80\scale_both/results.md

############################################################
  [M2 crop60] CASE : scale_clinic  (scale_clinic=True, scale_aec=False)
############################################################
=======================================================
5-Fold CV  [CrossAttn | scale_clin=True, scale_aec=False]
=======================================================

── Fold 1/5 ──────────────────────────────
  LR   — AUC: 0.6319  AUPRC: 0.1931  Brier: 0.1997  Acc: 0.7108  F1: 0.2133
  CA   — AUC: 0.8189  AUPRC: 0.3619  Brier: 0.1895  Acc: 0.7304  F1: 0.3373  (best ep=10)
  RN1D — AUC: 0.6039  AUPRC: 0.1727  Brier: 0.2254  Acc: 0.6078  F1: 0.2453  (best ep=45)

── Fold 2/5 ──────────────────────────────
  LR   — AUC: 0.6003  AUPRC: 0.1960  Brier: 0.1788  Acc: 0.7500  F1: 0.2388
  CA   — AUC: 0.7036  AUPRC: 0.2229  Brier: 0.2123  Acc: 0.6520  F1: 0.3107  (best ep=7)
  RN1D — AUC: 0.6135  AUPRC: 0.1479  Brier: 0.2535  Acc: 0.5343  F1: 0.2017  (best ep=83)

── Fold 3/5 ──────────────────────────────
  LR   — AUC: 0.6911  AUPRC: 0.1804  Brier: 0.2251  Acc: 0.6995  F1: 0.2989
  CA   — AUC: 0.7818  AUPRC: 0.2835  Brier: 0.2799  Acc: 0.5517  F1: 0.2835  (best ep=8)
  RN1D — AUC: 0.5495  AUPRC: 0.1174  Brier: 0.2207  Acc: 0.6552  F1: 0.2045  (best ep=1)

── Fold 4/5 ──────────────────────────────
  LR   — AUC: 0.6723  AUPRC: 0.2889  Brier: 0.1990  Acc: 0.7143  F1: 0.2750
  CA   — AUC: 0.8021  AUPRC: 0.4070  Brier: 0.1706  Acc: 0.7291  F1: 0.3820  (best ep=5)
  RN1D — AUC: 0.6786  AUPRC: 0.1739  Brier: 0.2181  Acc: 0.6749  F1: 0.2667  (best ep=26)

── Fold 5/5 ──────────────────────────────
  LR   — AUC: 0.6936  AUPRC: 0.3034  Brier: 0.1807  Acc: 0.7241  F1: 0.2821
  CA   — AUC: 0.9093  AUPRC: 0.6461  Brier: 0.1120  Acc: 0.8621  F1: 0.5484  (best ep=7)
  RN1D — AUC: 0.7298  AUPRC: 0.3308  Brier: 0.2372  Acc: 0.5172  F1: 0.2576  (best ep=6)

===========================================================================
LR  —  5-Fold CV Summary
===========================================================================
  Fold      AUC-ROC      AUPRC      Brier   Accuracy         F1
  ----------------------------------------------------------
  1          0.6319     0.1931     0.1997     0.7108     0.2133
  2          0.6003     0.1960     0.1788     0.7500     0.2388
  3          0.6911     0.1804     0.2251     0.6995     0.2989
  4          0.6723     0.2889     0.1990     0.7143     0.2750
  5          0.6936     0.3034     0.1807     0.7241     0.2821
  ──────────────────────────────────────────────────────────
  Mean       0.6578     0.2324     0.1967     0.7197     0.2616
  ±Std       0.0363     0.0525     0.0167     0.0171     0.0311

===========================================================================
CrossAttn  —  5-Fold CV Summary
===========================================================================
  Fold      AUC-ROC      AUPRC      Brier   Accuracy         F1
  ----------------------------------------------------------
  1          0.8189     0.3619     0.1895     0.7304     0.3373
  2          0.7036     0.2229     0.2123     0.6520     0.3107
  3          0.7818     0.2835     0.2799     0.5517     0.2835
  4          0.8021     0.4070     0.1706     0.7291     0.3820
  5          0.9093     0.6461     0.1120     0.8621     0.5484
  ──────────────────────────────────────────────────────────
  Mean       0.8031     0.3843     0.1929     0.7050     0.3724
  ±Std       0.0662     0.1454     0.0548     0.1022     0.0938

===========================================================================
ResNet1D  —  5-Fold CV Summary
===========================================================================
  Fold      AUC-ROC      AUPRC      Brier   Accuracy         F1
  ----------------------------------------------------------
  1          0.6039     0.1727     0.2254     0.6078     0.2453
  2          0.6135     0.1479     0.2535     0.5343     0.2017
  3          0.5495     0.1174     0.2207     0.6552     0.2045
  4          0.6786     0.1739     0.2181     0.6749     0.2667
  5          0.7298     0.3308     0.2372     0.5172     0.2576
  ──────────────────────────────────────────────────────────
  Mean       0.6350     0.1885     0.2310     0.5979     0.2352
  ±Std       0.0627     0.0740     0.0130     0.0630     0.0270

=================================================================
  Statistical Comparison: [LR]  vs  [CrossAttn]
  Paired t-test + Wilcoxon signed-rank  (n=5 folds)
  Δ Mean = CrossAttn − LR  (양수 → CrossAttn가 우세)
=================================================================
  Metric          Mean1    Mean2    Δ Mean   t-stat      t p-val      W p-val     
  -----------------------------------------------------------------------
  AUC-ROC        0.6578   0.8031   +0.1453   -6.010     3.86e-03     6.25e-02   **
  AUPRC          0.2324   0.3843   +0.1519   -2.875     4.52e-02     6.25e-02    *
  Brier          0.1967   0.1929   -0.0038    0.173     8.71e-01     1.00e+00     
  Accuracy       0.7197   0.7050   -0.0147    0.294     7.83e-01     1.00e+00     
  F1             0.2616   0.3724   +0.1108   -2.422     7.26e-02     1.25e-01    †
  ───────────────────────────────────────────────────────────────────────
  *** p<0.001  ** p<0.01  * p<0.05  † p<0.10
  주의: n=5 folds — 검정력이 낮으므로 방향성(Δ) 참고 병행 권장

=======================================================
CrossAttn Test Evaluation  (scale_clin=True, scale_aec=False)
=======================================================

Logistic Regression — Test Set (Overall):
  AUC: 0.7409  AUPRC: 0.2596  Brier: 0.1941  Acc: 0.7216  F1: 0.3107

Logistic Regression — Test Set (By Sex):
  [M] n=99  AUC: 0.7231  AUPRC: 0.3342  Brier: 0.2177  Acc: 0.6970  F1: 0.3750
              precision    recall  f1-score   support

      Normal       0.88      0.73      0.80        82
  Sarcopenia       0.29      0.53      0.38        17

    accuracy                           0.70        99
   macro avg       0.59      0.63      0.59        99
weighted avg       0.78      0.70      0.73        99

  [F] n=156  AUC: 0.7643  AUPRC: 0.2330  Brier: 0.1791  Acc: 0.7372  F1: 0.2545
              precision    recall  f1-score   support

      Normal       0.96      0.74      0.84       145
  Sarcopenia       0.16      0.64      0.25        11

    accuracy                           0.74       156
   macro avg       0.56      0.69      0.55       156
weighted avg       0.91      0.74      0.80       156

CrossAttn — training final model for 7 epochs on full CV set …

CrossAttn — Test Set (Overall):
  AUC: 0.8195  AUPRC: 0.3400  Brier: 0.2390  Acc: 0.6275  F1: 0.3448

CrossAttn — Test Set (By Sex):
  [M] n=99  AUC: 0.7869  AUPRC: 0.3687  Brier: 0.2587  Acc: 0.6061  F1: 0.4348
              precision    recall  f1-score   support

      Normal       0.96      0.55      0.70        82
  Sarcopenia       0.29      0.88      0.43        17

    accuracy                           0.61        99
   macro avg       0.62      0.72      0.57        99
weighted avg       0.84      0.61      0.65        99

  [F] n=156  AUC: 0.8201  AUPRC: 0.3418  Brier: 0.2265  Acc: 0.6410  F1: 0.2632
              precision    recall  f1-score   support

      Normal       0.99      0.62      0.76       145
  Sarcopenia       0.15      0.91      0.26        11

    accuracy                           0.64       156
   macro avg       0.57      0.76      0.51       156
weighted avg       0.93      0.64      0.73       156

ResNet1D — training final model for 26 epochs on full CV set …

ResNet1D — Test Set (Overall):
  AUC: 0.6156  AUPRC: 0.1883  Brier: 0.2284  Acc: 0.5843  F1: 0.2535

ResNet1D — Test Set (By Sex):
  [M] n=99  AUC: 0.6435  AUPRC: 0.3009  Brier: 0.2077  Acc: 0.6970  F1: 0.3750
              precision    recall  f1-score   support

      Normal       0.88      0.73      0.80        82
  Sarcopenia       0.29      0.53      0.38        17

    accuracy                           0.70        99
   macro avg       0.59      0.63      0.59        99
weighted avg       0.78      0.70      0.73        99

  [F] n=156  AUC: 0.6608  AUPRC: 0.1459  Brier: 0.2416  Acc: 0.5128  F1: 0.1915
              precision    recall  f1-score   support

      Normal       0.97      0.49      0.65       145
  Sarcopenia       0.11      0.82      0.19        11

    accuracy                           0.51       156
   macro avg       0.54      0.65      0.42       156
weighted avg       0.91      0.51      0.62       156


Saved (model 2 (crop60)):
  연구코드/results/0515/model_2\crop60\scale_clinic/data_distribution.png
  연구코드/results/0515/model_2\crop60\scale_clinic/cv_roc_curves.png
  연구코드/results/0515/model_2\crop60\scale_clinic/cv_metric_distribution.png
  연구코드/results/0515/model_2\crop60\scale_clinic/training_curves.png
  연구코드/results/0515/model_2\crop60\scale_clinic/test_roc_curves.png
  연구코드/results/0515/model_2\crop60\scale_clinic/test_roc_by_sex.png
  연구코드/results/0515/model_2\crop60\scale_clinic/confusion_matrices.png
  연구코드/results/0515/model_2\crop60\scale_clinic/calibration.png
  연구코드/results/0515/model_2\crop60\scale_clinic/results.md

############################################################
  [M2 crop60] CASE : scale_both  (scale_clinic=True, scale_aec=True)
############################################################
=======================================================
5-Fold CV  [CrossAttn | scale_clin=True, scale_aec=True]
=======================================================

── Fold 1/5 ──────────────────────────────
  LR   — AUC: 0.7880  AUPRC: 0.3092  Brier: 0.1760  Acc: 0.7549  F1: 0.3421
  CA   — AUC: 0.8252  AUPRC: 0.4096  Brier: 0.1603  Acc: 0.7549  F1: 0.3590  (best ep=3)
  RN1D — AUC: 0.7905  AUPRC: 0.3499  Brier: 0.1851  Acc: 0.7549  F1: 0.3590  (best ep=124)

── Fold 2/5 ──────────────────────────────
  LR   — AUC: 0.6707  AUPRC: 0.2694  Brier: 0.1887  Acc: 0.7304  F1: 0.2254
  CA   — AUC: 0.7173  AUPRC: 0.2493  Brier: 0.1994  Acc: 0.6667  F1: 0.3061  (best ep=58)
  RN1D — AUC: 0.7069  AUPRC: 0.2690  Brier: 0.1918  Acc: 0.7010  F1: 0.2989  (best ep=139)

── Fold 3/5 ──────────────────────────────
  LR   — AUC: 0.7592  AUPRC: 0.2285  Brier: 0.1997  Acc: 0.7044  F1: 0.3617
  CA   — AUC: 0.8104  AUPRC: 0.3373  Brier: 0.2327  Acc: 0.6059  F1: 0.3333  (best ep=3)
  RN1D — AUC: 0.7248  AUPRC: 0.3111  Brier: 0.2077  Acc: 0.6502  F1: 0.2828  (best ep=117)

── Fold 4/5 ──────────────────────────────
  LR   — AUC: 0.8310  AUPRC: 0.4859  Brier: 0.1664  Acc: 0.7488  F1: 0.3855
  CA   — AUC: 0.8184  AUPRC: 0.4133  Brier: 0.1422  Acc: 0.7833  F1: 0.4054  (best ep=17)
  RN1D — AUC: 0.8039  AUPRC: 0.4256  Brier: 0.1900  Acc: 0.7340  F1: 0.3721  (best ep=110)

── Fold 5/5 ──────────────────────────────
  LR   — AUC: 0.8641  AUPRC: 0.5087  Brier: 0.1787  Acc: 0.7094  F1: 0.3918
  CA   — AUC: 0.8983  AUPRC: 0.5521  Brier: 0.2270  Acc: 0.6256  F1: 0.3559  (best ep=44)
  RN1D — AUC: 0.9056  AUPRC: 0.6257  Brier: 0.1695  Acc: 0.6749  F1: 0.3889  (best ep=116)

===========================================================================
LR  —  5-Fold CV Summary
===========================================================================
  Fold      AUC-ROC      AUPRC      Brier   Accuracy         F1
  ----------------------------------------------------------
  1          0.7880     0.3092     0.1760     0.7549     0.3421
  2          0.6707     0.2694     0.1887     0.7304     0.2254
  3          0.7592     0.2285     0.1997     0.7044     0.3617
  4          0.8310     0.4859     0.1664     0.7488     0.3855
  5          0.8641     0.5087     0.1787     0.7094     0.3918
  ──────────────────────────────────────────────────────────
  Mean       0.7826     0.3603     0.1819     0.7296     0.3413
  ±Std       0.0665     0.1149     0.0114     0.0203     0.0606

===========================================================================
CrossAttn  —  5-Fold CV Summary
===========================================================================
  Fold      AUC-ROC      AUPRC      Brier   Accuracy         F1
  ----------------------------------------------------------
  1          0.8252     0.4096     0.1603     0.7549     0.3590
  2          0.7173     0.2493     0.1994     0.6667     0.3061
  3          0.8104     0.3373     0.2327     0.6059     0.3333
  4          0.8184     0.4133     0.1422     0.7833     0.4054
  5          0.8983     0.5521     0.2270     0.6256     0.3559
  ──────────────────────────────────────────────────────────
  Mean       0.8139     0.3923     0.1923     0.6873     0.3520
  ±Std       0.0577     0.0998     0.0358     0.0702     0.0328

===========================================================================
ResNet1D  —  5-Fold CV Summary
===========================================================================
  Fold      AUC-ROC      AUPRC      Brier   Accuracy         F1
  ----------------------------------------------------------
  1          0.7905     0.3499     0.1851     0.7549     0.3590
  2          0.7069     0.2690     0.1918     0.7010     0.2989
  3          0.7248     0.3111     0.2077     0.6502     0.2828
  4          0.8039     0.4256     0.1900     0.7340     0.3721
  5          0.9056     0.6257     0.1695     0.6749     0.3889
  ──────────────────────────────────────────────────────────
  Mean       0.7863     0.3963     0.1888     0.7030     0.3403
  ±Std       0.0702     0.1258     0.0123     0.0380     0.0418

=================================================================
  Statistical Comparison: [LR]  vs  [CrossAttn]
  Paired t-test + Wilcoxon signed-rank  (n=5 folds)
  Δ Mean = CrossAttn − LR  (양수 → CrossAttn가 우세)
=================================================================
  Metric          Mean1    Mean2    Δ Mean   t-stat      t p-val      W p-val     
  -----------------------------------------------------------------------
  AUC-ROC        0.7826   0.8139   +0.0313   -2.749     5.14e-02     1.25e-01    †
  AUPRC          0.3603   0.3923   +0.0320   -0.916     4.12e-01     4.38e-01     
  Brier          0.1819   0.1923   +0.0104   -0.753     4.93e-01     6.25e-01     
  Accuracy       0.7296   0.6873   -0.0423    1.658     1.73e-01     2.50e-01     
  F1             0.3413   0.3520   +0.0107   -0.511     6.37e-01     1.00e+00     
  ───────────────────────────────────────────────────────────────────────
  *** p<0.001  ** p<0.01  * p<0.05  † p<0.10
  주의: n=5 folds — 검정력이 낮으므로 방향성(Δ) 참고 병행 권장

=======================================================
CrossAttn Test Evaluation  (scale_clin=True, scale_aec=True)
=======================================================

Logistic Regression — Test Set (Overall):
  AUC: 0.8060  AUPRC: 0.3057  Brier: 0.1875  Acc: 0.7294  F1: 0.3894

Logistic Regression — Test Set (By Sex):
  [M] n=99  AUC: 0.7439  AUPRC: 0.3192  Brier: 0.2551  Acc: 0.6465  F1: 0.4776
              precision    recall  f1-score   support

      Normal       0.98      0.59      0.73        82
  Sarcopenia       0.32      0.94      0.48        17

    accuracy                           0.65        99
   macro avg       0.65      0.76      0.61        99
weighted avg       0.87      0.65      0.69        99

  [F] n=156  AUC: 0.8094  AUPRC: 0.3631  Brier: 0.1446  Acc: 0.7821  F1: 0.2609
              precision    recall  f1-score   support

      Normal       0.96      0.80      0.87       145
  Sarcopenia       0.17      0.55      0.26        11

    accuracy                           0.78       156
   macro avg       0.57      0.67      0.57       156
weighted avg       0.90      0.78      0.83       156

CrossAttn — training final model for 17 epochs on full CV set …

CrossAttn — Test Set (Overall):
  AUC: 0.8315  AUPRC: 0.3683  Brier: 0.1957  Acc: 0.7020  F1: 0.3871

CrossAttn — Test Set (By Sex):
  [M] n=99  AUC: 0.7956  AUPRC: 0.4331  Brier: 0.2354  Acc: 0.6364  F1: 0.4545
              precision    recall  f1-score   support

      Normal       0.96      0.59      0.73        82
  Sarcopenia       0.31      0.88      0.45        17

    accuracy                           0.64        99
   macro avg       0.63      0.73      0.59        99
weighted avg       0.85      0.64      0.68        99

  [F] n=156  AUC: 0.8313  AUPRC: 0.3129  Brier: 0.1705  Acc: 0.7436  F1: 0.3103
              precision    recall  f1-score   support

      Normal       0.98      0.74      0.84       145
  Sarcopenia       0.19      0.82      0.31        11

    accuracy                           0.74       156
   macro avg       0.59      0.78      0.58       156
weighted avg       0.93      0.74      0.80       156

ResNet1D — training final model for 117 epochs on full CV set …

ResNet1D — Test Set (Overall):
  AUC: 0.8191  AUPRC: 0.3072  Brier: 0.1722  Acc: 0.7255  F1: 0.3636

ResNet1D — Test Set (By Sex):
  [M] n=99  AUC: 0.7869  AUPRC: 0.3572  Brier: 0.2049  Acc: 0.6869  F1: 0.4561
              precision    recall  f1-score   support

      Normal       0.93      0.67      0.78        82
  Sarcopenia       0.33      0.76      0.46        17

    accuracy                           0.69        99
   macro avg       0.63      0.72      0.62        99
weighted avg       0.83      0.69      0.72        99

  [F] n=156  AUC: 0.8163  AUPRC: 0.2900  Brier: 0.1514  Acc: 0.7500  F1: 0.2642
              precision    recall  f1-score   support

      Normal       0.96      0.76      0.85       145
  Sarcopenia       0.17      0.64      0.26        11

    accuracy                           0.75       156
   macro avg       0.57      0.70      0.56       156
weighted avg       0.91      0.75      0.81       156


Saved (model 2 (crop60)):
  연구코드/results/0515/model_2\crop60\scale_both/data_distribution.png
  연구코드/results/0515/model_2\crop60\scale_both/cv_roc_curves.png
  연구코드/results/0515/model_2\crop60\scale_both/cv_metric_distribution.png
  연구코드/results/0515/model_2\crop60\scale_both/training_curves.png
  연구코드/results/0515/model_2\crop60\scale_both/test_roc_curves.png
  연구코드/results/0515/model_2\crop60\scale_both/test_roc_by_sex.png
  연구코드/results/0515/model_2\crop60\scale_both/confusion_matrices.png
  연구코드/results/0515/model_2\crop60\scale_both/calibration.png
  연구코드/results/0515/model_2\crop60\scale_both/results.md

############################################################
  [M2 norm] CASE : scale_clinic  (scale_clinic=True, scale_aec=False)
############################################################
=======================================================
5-Fold CV  [CrossAttn | scale_clin=True, scale_aec=False]
=======================================================

── Fold 1/5 ──────────────────────────────
  LR   — AUC: 0.7055  AUPRC: 0.2042  Brier: 0.1785  Acc: 0.7696  F1: 0.3380
  CA   — AUC: 0.8127  AUPRC: 0.3726  Brier: 0.1301  Acc: 0.8431  F1: 0.3846  (best ep=1)
  RN1D — AUC: 0.7832  AUPRC: 0.2804  Brier: 0.1578  Acc: 0.7990  F1: 0.3051  (best ep=52)

── Fold 2/5 ──────────────────────────────
  LR   — AUC: 0.6418  AUPRC: 0.2962  Brier: 0.1936  Acc: 0.7157  F1: 0.2368
  CA   — AUC: 0.7067  AUPRC: 0.2065  Brier: 0.2269  Acc: 0.6520  F1: 0.3238  (best ep=1)
  RN1D — AUC: 0.6603  AUPRC: 0.1789  Brier: 0.3068  Acc: 0.4510  F1: 0.2329  (best ep=62)

── Fold 3/5 ──────────────────────────────
  LR   — AUC: 0.7449  AUPRC: 0.2163  Brier: 0.1992  Acc: 0.7241  F1: 0.3636
  CA   — AUC: 0.8049  AUPRC: 0.3264  Brier: 0.2722  Acc: 0.5616  F1: 0.2992  (best ep=3)
  RN1D — AUC: 0.7368  AUPRC: 0.2243  Brier: 0.2074  Acc: 0.7143  F1: 0.3409  (best ep=112)

── Fold 4/5 ──────────────────────────────
  LR   — AUC: 0.8177  AUPRC: 0.4371  Brier: 0.1699  Acc: 0.7635  F1: 0.3846
  CA   — AUC: 0.7936  AUPRC: 0.4124  Brier: 0.1931  Acc: 0.7340  F1: 0.4000  (best ep=3)
  RN1D — AUC: 0.7519  AUPRC: 0.3945  Brier: 0.1632  Acc: 0.7291  F1: 0.3678  (best ep=108)

── Fold 5/5 ──────────────────────────────
  LR   — AUC: 0.8302  AUPRC: 0.3542  Brier: 0.1810  Acc: 0.7537  F1: 0.4186
  CA   — AUC: 0.9058  AUPRC: 0.6163  Brier: 0.1718  Acc: 0.7438  F1: 0.4468  (best ep=17)
  RN1D — AUC: 0.8822  AUPRC: 0.5660  Brier: 0.2262  Acc: 0.6650  F1: 0.3704  (best ep=75)

===========================================================================
LR  —  5-Fold CV Summary
===========================================================================
  Fold      AUC-ROC      AUPRC      Brier   Accuracy         F1
  ----------------------------------------------------------
  1          0.7055     0.2042     0.1785     0.7696     0.3380
  2          0.6418     0.2962     0.1936     0.7157     0.2368
  3          0.7449     0.2163     0.1992     0.7241     0.3636
  4          0.8177     0.4371     0.1699     0.7635     0.3846
  5          0.8302     0.3542     0.1810     0.7537     0.4186
  ──────────────────────────────────────────────────────────
  Mean       0.7480     0.3016     0.1844     0.7453     0.3483
  ±Std       0.0703     0.0871     0.0106     0.0215     0.0617

===========================================================================
CrossAttn  —  5-Fold CV Summary
===========================================================================
  Fold      AUC-ROC      AUPRC      Brier   Accuracy         F1
  ----------------------------------------------------------
  1          0.8127     0.3726     0.1301     0.8431     0.3846
  2          0.7067     0.2065     0.2269     0.6520     0.3238
  3          0.8049     0.3264     0.2722     0.5616     0.2992
  4          0.7936     0.4124     0.1931     0.7340     0.4000
  5          0.9058     0.6163     0.1718     0.7438     0.4468
  ──────────────────────────────────────────────────────────
  Mean       0.8047     0.3868     0.1988     0.7069     0.3709
  ±Std       0.0633     0.1339     0.0483     0.0947     0.0532

===========================================================================
ResNet1D  —  5-Fold CV Summary
===========================================================================
  Fold      AUC-ROC      AUPRC      Brier   Accuracy         F1
  ----------------------------------------------------------
  1          0.7832     0.2804     0.1578     0.7990     0.3051
  2          0.6603     0.1789     0.3068     0.4510     0.2329
  3          0.7368     0.2243     0.2074     0.7143     0.3409
  4          0.7519     0.3945     0.1632     0.7291     0.3678
  5          0.8822     0.5660     0.2262     0.6650     0.3704
  ──────────────────────────────────────────────────────────
  Mean       0.7629     0.3288     0.2123     0.6717     0.3234
  ±Std       0.0721     0.1388     0.0539     0.1184     0.0510

=================================================================
  Statistical Comparison: [LR]  vs  [CrossAttn]
  Paired t-test + Wilcoxon signed-rank  (n=5 folds)
  Δ Mean = CrossAttn − LR  (양수 → CrossAttn가 우세)
=================================================================
  Metric          Mean1    Mean2    Δ Mean   t-stat      t p-val      W p-val     
  -----------------------------------------------------------------------
  AUC-ROC        0.7480   0.8047   +0.0567   -2.600     6.00e-02     1.25e-01    †
  AUPRC          0.3016   0.3868   +0.0852   -1.335     2.53e-01     3.12e-01     
  Brier          0.1844   0.1988   +0.0144   -0.702     5.21e-01     6.25e-01     
  Accuracy       0.7453   0.7069   -0.0384    1.001     3.73e-01     4.38e-01     
  F1             0.3483   0.3709   +0.0225   -0.906     4.16e-01     4.38e-01     
  ───────────────────────────────────────────────────────────────────────
  *** p<0.001  ** p<0.01  * p<0.05  † p<0.10
  주의: n=5 folds — 검정력이 낮으므로 방향성(Δ) 참고 병행 권장

=======================================================
CrossAttn Test Evaluation  (scale_clin=True, scale_aec=False)
=======================================================

Logistic Regression — Test Set (Overall):
  AUC: 0.7741  AUPRC: 0.2954  Brier: 0.1843  Acc: 0.7255  F1: 0.3396

Logistic Regression — Test Set (By Sex):
  [M] n=99  AUC: 0.7138  AUPRC: 0.3190  Brier: 0.2541  Acc: 0.5859  F1: 0.3492
              precision    recall  f1-score   support

      Normal       0.89      0.57      0.70        82
  Sarcopenia       0.24      0.65      0.35        17

    accuracy                           0.59        99
   macro avg       0.56      0.61      0.52        99
weighted avg       0.78      0.59      0.64        99

  [F] n=156  AUC: 0.7856  AUPRC: 0.3256  Brier: 0.1399  Acc: 0.8141  F1: 0.3256
              precision    recall  f1-score   support

      Normal       0.97      0.83      0.89       145
  Sarcopenia       0.22      0.64      0.33        11

    accuracy                           0.81       156
   macro avg       0.59      0.73      0.61       156
weighted avg       0.91      0.81      0.85       156

CrossAttn — training final model for 3 epochs on full CV set …

CrossAttn — Test Set (Overall):
  AUC: 0.8290  AUPRC: 0.3217  Brier: 0.1741  Acc: 0.7373  F1: 0.3853

CrossAttn — Test Set (By Sex):
  [M] n=99  AUC: 0.7597  AUPRC: 0.3430  Brier: 0.2322  Acc: 0.6465  F1: 0.4262
              precision    recall  f1-score   support

      Normal       0.93      0.62      0.74        82
  Sarcopenia       0.30      0.76      0.43        17

    accuracy                           0.65        99
   macro avg       0.61      0.69      0.59        99
weighted avg       0.82      0.65      0.69        99

  [F] n=156  AUC: 0.8414  AUPRC: 0.4155  Brier: 0.1372  Acc: 0.7949  F1: 0.3333
              precision    recall  f1-score   support

      Normal       0.97      0.80      0.88       145
  Sarcopenia       0.22      0.73      0.33        11

    accuracy                           0.79       156
   macro avg       0.60      0.76      0.61       156
weighted avg       0.92      0.79      0.84       156

ResNet1D — training final model for 75 epochs on full CV set …

ResNet1D — Test Set (Overall):
  AUC: 0.8310  AUPRC: 0.3055  Brier: 0.1521  Acc: 0.7686  F1: 0.3789

ResNet1D — Test Set (By Sex):
  [M] n=99  AUC: 0.7633  AUPRC: 0.3105  Brier: 0.2162  Acc: 0.6566  F1: 0.4333
              precision    recall  f1-score   support

      Normal       0.93      0.63      0.75        82
  Sarcopenia       0.30      0.76      0.43        17

    accuracy                           0.66        99
   macro avg       0.62      0.70      0.59        99
weighted avg       0.82      0.66      0.70        99

  [F] n=156  AUC: 0.8401  AUPRC: 0.4220  Brier: 0.1113  Acc: 0.8397  F1: 0.2857
              precision    recall  f1-score   support

      Normal       0.95      0.87      0.91       145
  Sarcopenia       0.21      0.45      0.29        11

    accuracy                           0.84       156
   macro avg       0.58      0.66      0.60       156
weighted avg       0.90      0.84      0.87       156


Saved (model 2 (norm)):
  연구코드/results/0515/model_2\norm\scale_clinic/data_distribution.png
  연구코드/results/0515/model_2\norm\scale_clinic/cv_roc_curves.png
  연구코드/results/0515/model_2\norm\scale_clinic/cv_metric_distribution.png
  연구코드/results/0515/model_2\norm\scale_clinic/training_curves.png
  연구코드/results/0515/model_2\norm\scale_clinic/test_roc_curves.png
  연구코드/results/0515/model_2\norm\scale_clinic/test_roc_by_sex.png
  연구코드/results/0515/model_2\norm\scale_clinic/confusion_matrices.png
  연구코드/results/0515/model_2\norm\scale_clinic/calibration.png
  연구코드/results/0515/model_2\norm\scale_clinic/results.md

############################################################
  [M2 norm] CASE : scale_both  (scale_clinic=True, scale_aec=True)
############################################################
=======================================================
5-Fold CV  [CrossAttn | scale_clin=True, scale_aec=True]
=======================================================

── Fold 1/5 ──────────────────────────────
  LR   — AUC: 0.6711  AUPRC: 0.1865  Brier: 0.1770  Acc: 0.7647  F1: 0.2500
  CA   — AUC: 0.8224  AUPRC: 0.4111  Brier: 0.1453  Acc: 0.8039  F1: 0.4118  (best ep=2)
  RN1D — AUC: 0.7762  AUPRC: 0.3085  Brier: 0.1847  Acc: 0.7843  F1: 0.3529  (best ep=91)

── Fold 2/5 ──────────────────────────────
  LR   — AUC: 0.6375  AUPRC: 0.2546  Brier: 0.1926  Acc: 0.7157  F1: 0.1944
  CA   — AUC: 0.6860  AUPRC: 0.2401  Brier: 0.2482  Acc: 0.5980  F1: 0.2931  (best ep=2)
  RN1D — AUC: 0.7086  AUPRC: 0.2801  Brier: 0.1670  Acc: 0.7745  F1: 0.2812  (best ep=160)

── Fold 3/5 ──────────────────────────────
  LR   — AUC: 0.7295  AUPRC: 0.2086  Brier: 0.2001  Acc: 0.7340  F1: 0.3721
  CA   — AUC: 0.8124  AUPRC: 0.3292  Brier: 0.2212  Acc: 0.6355  F1: 0.3273  (best ep=3)
  RN1D — AUC: 0.7923  AUPRC: 0.2969  Brier: 0.1333  Acc: 0.8424  F1: 0.4483  (best ep=90)

── Fold 4/5 ──────────────────────────────
  LR   — AUC: 0.7885  AUPRC: 0.3827  Brier: 0.1742  Acc: 0.7586  F1: 0.3797
  CA   — AUC: 0.7777  AUPRC: 0.4106  Brier: 0.1639  Acc: 0.7340  F1: 0.3571  (best ep=17)
  RN1D — AUC: 0.7747  AUPRC: 0.3417  Brier: 0.2931  Acc: 0.4926  F1: 0.2695  (best ep=119)

── Fold 5/5 ──────────────────────────────
  LR   — AUC: 0.7981  AUPRC: 0.3400  Brier: 0.1825  Acc: 0.7241  F1: 0.3636
  CA   — AUC: 0.8935  AUPRC: 0.4877  Brier: 0.1705  Acc: 0.7340  F1: 0.4375  (best ep=11)
  RN1D — AUC: 0.8179  AUPRC: 0.4869  Brier: 0.2117  Acc: 0.6995  F1: 0.3579  (best ep=116)

===========================================================================
LR  —  5-Fold CV Summary
===========================================================================
  Fold      AUC-ROC      AUPRC      Brier   Accuracy         F1
  ----------------------------------------------------------
  1          0.6711     0.1865     0.1770     0.7647     0.2500
  2          0.6375     0.2546     0.1926     0.7157     0.1944
  3          0.7295     0.2086     0.2001     0.7340     0.3721
  4          0.7885     0.3827     0.1742     0.7586     0.3797
  5          0.7981     0.3400     0.1825     0.7241     0.3636
  ──────────────────────────────────────────────────────────
  Mean       0.7250     0.2745     0.1853     0.7394     0.3120
  ±Std       0.0632     0.0755     0.0097     0.0192     0.0755

===========================================================================
CrossAttn  —  5-Fold CV Summary
===========================================================================
  Fold      AUC-ROC      AUPRC      Brier   Accuracy         F1
  ----------------------------------------------------------
  1          0.8224     0.4111     0.1453     0.8039     0.4118
  2          0.6860     0.2401     0.2482     0.5980     0.2931
  3          0.8124     0.3292     0.2212     0.6355     0.3273
  4          0.7777     0.4106     0.1639     0.7340     0.3571
  5          0.8935     0.4877     0.1705     0.7340     0.4375
  ──────────────────────────────────────────────────────────
  Mean       0.7984     0.3758     0.1898     0.7011     0.3654
  ±Std       0.0676     0.0843     0.0385     0.0744     0.0531

===========================================================================
ResNet1D  —  5-Fold CV Summary
===========================================================================
  Fold      AUC-ROC      AUPRC      Brier   Accuracy         F1
  ----------------------------------------------------------
  1          0.7762     0.3085     0.1847     0.7843     0.3529
  2          0.7086     0.2801     0.1670     0.7745     0.2812
  3          0.7923     0.2969     0.1333     0.8424     0.4483
  4          0.7747     0.3417     0.2931     0.4926     0.2695
  5          0.8179     0.4869     0.2117     0.6995     0.3579
  ──────────────────────────────────────────────────────────
  Mean       0.7740     0.3428     0.1980     0.7187     0.3420
  ±Std       0.0362     0.0748     0.0540     0.1218     0.0642

=================================================================
  Statistical Comparison: [LR]  vs  [CrossAttn]
  Paired t-test + Wilcoxon signed-rank  (n=5 folds)
  Δ Mean = CrossAttn − LR  (양수 → CrossAttn가 우세)
=================================================================
  Metric          Mean1    Mean2    Δ Mean   t-stat      t p-val      W p-val     
  -----------------------------------------------------------------------
  AUC-ROC        0.7250   0.7984   +0.0735   -2.742     5.18e-02     1.25e-01    †
  AUPRC          0.2745   0.3758   +0.1013   -2.370     7.69e-02     1.25e-01    †
  Brier          0.1853   0.1898   +0.0046   -0.298     7.80e-01     1.00e+00     
  Accuracy       0.7394   0.7011   -0.0383    1.263     2.75e-01     4.38e-01     
  F1             0.3120   0.3654   +0.0534   -1.387     2.38e-01     3.12e-01     
  ───────────────────────────────────────────────────────────────────────
  *** p<0.001  ** p<0.01  * p<0.05  † p<0.10
  주의: n=5 folds — 검정력이 낮으므로 방향성(Δ) 참고 병행 권장

=======================================================
CrossAttn Test Evaluation  (scale_clin=True, scale_aec=True)
=======================================================

Logistic Regression — Test Set (Overall):
  AUC: 0.7469  AUPRC: 0.2829  Brier: 0.1866  Acc: 0.7294  F1: 0.3429

Logistic Regression — Test Set (By Sex):
  [M] n=99  AUC: 0.6879  AUPRC: 0.3061  Brier: 0.2593  Acc: 0.5960  F1: 0.3548
              precision    recall  f1-score   support

      Normal       0.89      0.59      0.71        82
  Sarcopenia       0.24      0.65      0.35        17

    accuracy                           0.60        99
   macro avg       0.57      0.62      0.53        99
weighted avg       0.78      0.60      0.65        99

  [F] n=156  AUC: 0.7618  AUPRC: 0.3026  Brier: 0.1404  Acc: 0.8141  F1: 0.3256
              precision    recall  f1-score   support

      Normal       0.97      0.83      0.89       145
  Sarcopenia       0.22      0.64      0.33        11

    accuracy                           0.81       156
   macro avg       0.59      0.73      0.61       156
weighted avg       0.91      0.81      0.85       156

CrossAttn — training final model for 3 epochs on full CV set …

CrossAttn — Test Set (Overall):
  AUC: 0.8021  AUPRC: 0.3010  Brier: 0.2031  Acc: 0.6902  F1: 0.3577

CrossAttn — Test Set (By Sex):
  [M] n=99  AUC: 0.7561  AUPRC: 0.3317  Brier: 0.2558  Acc: 0.6566  F1: 0.4516
              precision    recall  f1-score   support

      Normal       0.94      0.62      0.75        82
  Sarcopenia       0.31      0.82      0.45        17

    accuracy                           0.66        99
   macro avg       0.63      0.72      0.60        99
weighted avg       0.84      0.66      0.70        99

  [F] n=156  AUC: 0.8157  AUPRC: 0.4332  Brier: 0.1696  Acc: 0.7115  F1: 0.2623
              precision    recall  f1-score   support

      Normal       0.97      0.71      0.82       145
  Sarcopenia       0.16      0.73      0.26        11

    accuracy                           0.71       156
   macro avg       0.57      0.72      0.54       156
weighted avg       0.91      0.71      0.78       156

ResNet1D — training final model for 116 epochs on full CV set …

ResNet1D — Test Set (Overall):
  AUC: 0.7660  AUPRC: 0.3102  Brier: 0.2119  Acc: 0.6471  F1: 0.3182

ResNet1D — Test Set (By Sex):
  [M] n=99  AUC: 0.6973  AUPRC: 0.3114  Brier: 0.2892  Acc: 0.5455  F1: 0.4000
              precision    recall  f1-score   support

      Normal       0.95      0.48      0.63        82
  Sarcopenia       0.26      0.88      0.40        17

    accuracy                           0.55        99
   macro avg       0.60      0.68      0.52        99
weighted avg       0.83      0.55      0.59        99

  [F] n=156  AUC: 0.7793  AUPRC: 0.3958  Brier: 0.1628  Acc: 0.7115  F1: 0.2105
              precision    recall  f1-score   support

      Normal       0.95      0.72      0.82       145
  Sarcopenia       0.13      0.55      0.21        11

    accuracy                           0.71       156
   macro avg       0.54      0.63      0.52       156
weighted avg       0.90      0.71      0.78       156


Saved (model 2 (norm)):
  연구코드/results/0515/model_2\norm\scale_both/data_distribution.png
  연구코드/results/0515/model_2\norm\scale_both/cv_roc_curves.png
  연구코드/results/0515/model_2\norm\scale_both/cv_metric_distribution.png
  연구코드/results/0515/model_2\norm\scale_both/training_curves.png
  연구코드/results/0515/model_2\norm\scale_both/test_roc_curves.png
  연구코드/results/0515/model_2\norm\scale_both/test_roc_by_sex.png
  연구코드/results/0515/model_2\norm\scale_both/confusion_matrices.png
  연구코드/results/0515/model_2\norm\scale_both/calibration.png
  연구코드/results/0515/model_2\norm\scale_both/results.md

############################################################
  [M2 excl_extreme] CASE : scale_clinic  (scale_clinic=True, scale_aec=False)
############################################################
=======================================================
5-Fold CV  [CrossAttn | scale_clin=True, scale_aec=False]
=======================================================

── Fold 1/5 ──────────────────────────────
  LR   — AUC: 0.5424  AUPRC: 0.1740  Brier: 0.1944  Acc: 0.7322  F1: 0.1967
  CA   — AUC: 0.7660  AUPRC: 0.2945  Brier: 0.1653  Acc: 0.7650  F1: 0.3385  (best ep=25)
  RN1D — AUC: 0.6983  AUPRC: 0.2248  Brier: 0.2280  Acc: 0.5738  F1: 0.2500  (best ep=11)

── Fold 2/5 ──────────────────────────────
  LR   — AUC: 0.6297  AUPRC: 0.1811  Brier: 0.2210  Acc: 0.7213  F1: 0.2609
  CA   — AUC: 0.7863  AUPRC: 0.2947  Brier: 0.2672  Acc: 0.5355  F1: 0.2975  (best ep=2)
  RN1D — AUC: 0.6402  AUPRC: 0.1496  Brier: 0.2162  Acc: 0.5847  F1: 0.2400  (best ep=1)

── Fold 3/5 ──────────────────────────────
  LR   — AUC: 0.5501  AUPRC: 0.1538  Brier: 0.2079  Acc: 0.6776  F1: 0.1449
  CA   — AUC: 0.7847  AUPRC: 0.3856  Brier: 0.1159  Acc: 0.8579  F1: 0.4348  (best ep=93)
  RN1D — AUC: 0.6412  AUPRC: 0.1771  Brier: 0.2036  Acc: 0.7049  F1: 0.2703  (best ep=4)

── Fold 4/5 ──────────────────────────────
  LR   — AUC: 0.5393  AUPRC: 0.1294  Brier: 0.2070  Acc: 0.7049  F1: 0.2059
  CA   — AUC: 0.8883  AUPRC: 0.5850  Brier: 0.2115  Acc: 0.6503  F1: 0.3469  (best ep=3)
  RN1D — AUC: 0.6316  AUPRC: 0.2948  Brier: 0.2434  Acc: 0.4317  F1: 0.2121  (best ep=4)

── Fold 5/5 ──────────────────────────────
  LR   — AUC: 0.5684  AUPRC: 0.1440  Brier: 0.2314  Acc: 0.6667  F1: 0.1159
  CA   — AUC: 0.8359  AUPRC: 0.4458  Brier: 0.1783  Acc: 0.7322  F1: 0.4096  (best ep=19)
  RN1D — AUC: 0.6460  AUPRC: 0.1996  Brier: 0.1921  Acc: 0.6940  F1: 0.2432  (best ep=1)

===========================================================================
LR  —  5-Fold CV Summary
===========================================================================
  Fold      AUC-ROC      AUPRC      Brier   Accuracy         F1
  ----------------------------------------------------------
  1          0.5424     0.1740     0.1944     0.7322     0.1967
  2          0.6297     0.1811     0.2210     0.7213     0.2609
  3          0.5501     0.1538     0.2079     0.6776     0.1449
  4          0.5393     0.1294     0.2070     0.7049     0.2059
  5          0.5684     0.1440     0.2314     0.6667     0.1159
  ──────────────────────────────────────────────────────────
  Mean       0.5659     0.1565     0.2123     0.7005     0.1849
  ±Std       0.0334     0.0190     0.0127     0.0250     0.0504

===========================================================================
CrossAttn  —  5-Fold CV Summary
===========================================================================
  Fold      AUC-ROC      AUPRC      Brier   Accuracy         F1
  ----------------------------------------------------------
  1          0.7660     0.2945     0.1653     0.7650     0.3385
  2          0.7863     0.2947     0.2672     0.5355     0.2975
  3          0.7847     0.3856     0.1159     0.8579     0.4348
  4          0.8883     0.5850     0.2115     0.6503     0.3469
  5          0.8359     0.4458     0.1783     0.7322     0.4096
  ──────────────────────────────────────────────────────────
  Mean       0.8122     0.4011     0.1876     0.7082     0.3655
  ±Std       0.0445     0.1084     0.0503     0.1090     0.0499

===========================================================================
ResNet1D  —  5-Fold CV Summary
===========================================================================
  Fold      AUC-ROC      AUPRC      Brier   Accuracy         F1
  ----------------------------------------------------------
  1          0.6983     0.2248     0.2280     0.5738     0.2500
  2          0.6402     0.1496     0.2162     0.5847     0.2400
  3          0.6412     0.1771     0.2036     0.7049     0.2703
  4          0.6316     0.2948     0.2434     0.4317     0.2121
  5          0.6460     0.1996     0.1921     0.6940     0.2432
  ──────────────────────────────────────────────────────────
  Mean       0.6515     0.2092     0.2167     0.5978     0.2431
  ±Std       0.0239     0.0495     0.0180     0.0991     0.0187

=================================================================
  Statistical Comparison: [LR]  vs  [CrossAttn]
  Paired t-test + Wilcoxon signed-rank  (n=5 folds)
  Δ Mean = CrossAttn − LR  (양수 → CrossAttn가 우세)
=================================================================
  Metric          Mean1    Mean2    Δ Mean   t-stat      t p-val      W p-val     
  -----------------------------------------------------------------------
  AUC-ROC        0.5659   0.8122   +0.2463   -7.846     1.43e-03     6.25e-02   **
  AUPRC          0.1565   0.4011   +0.2446   -3.856     1.82e-02     6.25e-02    *
  Brier          0.2123   0.1876   -0.0247    1.042     3.56e-01     4.38e-01     
  Accuracy       0.7005   0.7082   +0.0077   -0.125     9.07e-01     1.00e+00     
  F1             0.1849   0.3655   +0.1806   -3.667     2.15e-02     6.25e-02    *
  ───────────────────────────────────────────────────────────────────────
  *** p<0.001  ** p<0.01  * p<0.05  † p<0.10
  주의: n=5 folds — 검정력이 낮으므로 방향성(Δ) 참고 병행 권장

=======================================================
CrossAttn Test Evaluation  (scale_clin=True, scale_aec=False)
=======================================================

Logistic Regression — Test Set (Overall):
  AUC: 0.5610  AUPRC: 0.1908  Brier: 0.2110  Acc: 0.7118  F1: 0.1951

Logistic Regression — Test Set (By Sex):
  [M] n=86  AUC: 0.5258  AUPRC: 0.3184  Brier: 0.2595  Acc: 0.6512  F1: 0.2105
              precision    recall  f1-score   support

      Normal       0.85      0.71      0.78        73
  Sarcopenia       0.16      0.31      0.21        13

    accuracy                           0.65        86
   macro avg       0.51      0.51      0.49        86
weighted avg       0.75      0.65      0.69        86

  [F] n=143  AUC: 0.5854  AUPRC: 0.1281  Brier: 0.1818  Acc: 0.7483  F1: 0.1818
              precision    recall  f1-score   support

      Normal       0.94      0.78      0.85       132
  Sarcopenia       0.12      0.36      0.18        11

    accuracy                           0.75       143
   macro avg       0.53      0.57      0.52       143
weighted avg       0.87      0.75      0.80       143

CrossAttn — training final model for 19 epochs on full CV set …

CrossAttn — Test Set (Overall):
  AUC: 0.8325  AUPRC: 0.4029  Brier: 0.1696  Acc: 0.7293  F1: 0.3673

CrossAttn — Test Set (By Sex):
  [M] n=86  AUC: 0.8240  AUPRC: 0.4383  Brier: 0.1987  Acc: 0.7093  F1: 0.4681
              precision    recall  f1-score   support

      Normal       0.96      0.68      0.80        73
  Sarcopenia       0.32      0.85      0.47        13

    accuracy                           0.71        86
   macro avg       0.64      0.77      0.63        86
weighted avg       0.87      0.71      0.75        86

  [F] n=143  AUC: 0.8306  AUPRC: 0.3725  Brier: 0.1522  Acc: 0.7413  F1: 0.2745
              precision    recall  f1-score   support

      Normal       0.96      0.75      0.84       132
  Sarcopenia       0.17      0.64      0.27        11

    accuracy                           0.74       143
   macro avg       0.57      0.69      0.56       143
weighted avg       0.90      0.74      0.80       143

ResNet1D — training final model for 4 epochs on full CV set …

ResNet1D — Test Set (Overall):
  AUC: 0.6238  AUPRC: 0.1624  Brier: 0.2258  Acc: 0.5808  F1: 0.2615

ResNet1D — Test Set (By Sex):
  [M] n=86  AUC: 0.6059  AUPRC: 0.2319  Brier: 0.1979  Acc: 0.6860  F1: 0.3415
              precision    recall  f1-score   support

      Normal       0.90      0.71      0.79        73
  Sarcopenia       0.25      0.54      0.34        13

    accuracy                           0.69        86
   macro avg       0.57      0.63      0.57        86
weighted avg       0.80      0.69      0.73        86

  [F] n=143  AUC: 0.7156  AUPRC: 0.1619  Brier: 0.2426  Acc: 0.5175  F1: 0.2247
              precision    recall  f1-score   support

      Normal       0.98      0.48      0.65       132
  Sarcopenia       0.13      0.91      0.22        11

    accuracy                           0.52       143
   macro avg       0.56      0.70      0.44       143
weighted avg       0.92      0.52      0.62       143


Saved (model 2 (excl_extreme)):
  연구코드/results/0515/model_2\excl_extreme\scale_clinic/data_distribution.png
  연구코드/results/0515/model_2\excl_extreme\scale_clinic/cv_roc_curves.png
  연구코드/results/0515/model_2\excl_extreme\scale_clinic/cv_metric_distribution.png
  연구코드/results/0515/model_2\excl_extreme\scale_clinic/training_curves.png
  연구코드/results/0515/model_2\excl_extreme\scale_clinic/test_roc_curves.png
  연구코드/results/0515/model_2\excl_extreme\scale_clinic/test_roc_by_sex.png
  연구코드/results/0515/model_2\excl_extreme\scale_clinic/confusion_matrices.png
  연구코드/results/0515/model_2\excl_extreme\scale_clinic/calibration.png
  연구코드/results/0515/model_2\excl_extreme\scale_clinic/results.md

############################################################
  [M2 excl_extreme] CASE : scale_both  (scale_clinic=True, scale_aec=True)
############################################################
=======================================================
5-Fold CV  [CrossAttn | scale_clin=True, scale_aec=True]
=======================================================

── Fold 1/5 ──────────────────────────────
  LR   — AUC: 0.7458  AUPRC: 0.2787  Brier: 0.1721  Acc: 0.7486  F1: 0.3030
  CA   — AUC: 0.7567  AUPRC: 0.3190  Brier: 0.1862  Acc: 0.7104  F1: 0.3614  (best ep=39)
  RN1D — AUC: 0.7641  AUPRC: 0.2450  Brier: 0.1601  Acc: 0.8087  F1: 0.3396  (best ep=196)

── Fold 2/5 ──────────────────────────────
  LR   — AUC: 0.7484  AUPRC: 0.4132  Brier: 0.1753  Acc: 0.7650  F1: 0.3768
  CA   — AUC: 0.8023  AUPRC: 0.3628  Brier: 0.2333  Acc: 0.6776  F1: 0.3656  (best ep=3)
  RN1D — AUC: 0.7494  AUPRC: 0.3359  Brier: 0.1786  Acc: 0.7705  F1: 0.3438  (best ep=179)

── Fold 3/5 ──────────────────────────────
  LR   — AUC: 0.7141  AUPRC: 0.2214  Brier: 0.1688  Acc: 0.7541  F1: 0.3077
  CA   — AUC: 0.7776  AUPRC: 0.2739  Brier: 0.1802  Acc: 0.7377  F1: 0.3684  (best ep=3)
  RN1D — AUC: 0.7279  AUPRC: 0.2851  Brier: 0.1892  Acc: 0.7049  F1: 0.3250  (best ep=184)

── Fold 4/5 ──────────────────────────────
  LR   — AUC: 0.8163  AUPRC: 0.4369  Brier: 0.1972  Acc: 0.6667  F1: 0.3441
  CA   — AUC: 0.8807  AUPRC: 0.5857  Brier: 0.1796  Acc: 0.6721  F1: 0.3750  (best ep=4)
  RN1D — AUC: 0.6135  AUPRC: 0.2307  Brier: 0.2310  Acc: 0.5464  F1: 0.2243  (best ep=187)

── Fold 5/5 ──────────────────────────────
  LR   — AUC: 0.7558  AUPRC: 0.2894  Brier: 0.1742  Acc: 0.7432  F1: 0.3562
  CA   — AUC: 0.8334  AUPRC: 0.5359  Brier: 0.1315  Acc: 0.7760  F1: 0.4384  (best ep=8)
  RN1D — AUC: 0.6340  AUPRC: 0.1749  Brier: 0.2331  Acc: 0.5519  F1: 0.2545  (best ep=7)

===========================================================================
LR  —  5-Fold CV Summary
===========================================================================
  Fold      AUC-ROC      AUPRC      Brier   Accuracy         F1
  ----------------------------------------------------------
  1          0.7458     0.2787     0.1721     0.7486     0.3030
  2          0.7484     0.4132     0.1753     0.7650     0.3768
  3          0.7141     0.2214     0.1688     0.7541     0.3077
  4          0.8163     0.4369     0.1972     0.6667     0.3441
  5          0.7558     0.2894     0.1742     0.7432     0.3562
  ──────────────────────────────────────────────────────────
  Mean       0.7561     0.3279     0.1775     0.7355     0.3376
  ±Std       0.0333     0.0829     0.0101     0.0352     0.0283

===========================================================================
CrossAttn  —  5-Fold CV Summary
===========================================================================
  Fold      AUC-ROC      AUPRC      Brier   Accuracy         F1
  ----------------------------------------------------------
  1          0.7567     0.3190     0.1862     0.7104     0.3614
  2          0.8023     0.3628     0.2333     0.6776     0.3656
  3          0.7776     0.2739     0.1802     0.7377     0.3684
  4          0.8807     0.5857     0.1796     0.6721     0.3750
  5          0.8334     0.5359     0.1315     0.7760     0.4384
  ──────────────────────────────────────────────────────────
  Mean       0.8102     0.4155     0.1822     0.7148     0.3818
  ±Std       0.0436     0.1230     0.0323     0.0387     0.0286

===========================================================================
ResNet1D  —  5-Fold CV Summary
===========================================================================
  Fold      AUC-ROC      AUPRC      Brier   Accuracy         F1
  ----------------------------------------------------------
  1          0.7641     0.2450     0.1601     0.8087     0.3396
  2          0.7494     0.3359     0.1786     0.7705     0.3438
  3          0.7279     0.2851     0.1892     0.7049     0.3250
  4          0.6135     0.2307     0.2310     0.5464     0.2243
  5          0.6340     0.1749     0.2331     0.5519     0.2545
  ──────────────────────────────────────────────────────────
  Mean       0.6978     0.2543     0.1984     0.6765     0.2974
  ±Std       0.0619     0.0540     0.0290     0.1091     0.0487

=================================================================
  Statistical Comparison: [LR]  vs  [CrossAttn]
  Paired t-test + Wilcoxon signed-rank  (n=5 folds)
  Δ Mean = CrossAttn − LR  (양수 → CrossAttn가 우세)
=================================================================
  Metric          Mean1    Mean2    Δ Mean   t-stat      t p-val      W p-val     
  -----------------------------------------------------------------------
  AUC-ROC        0.7561   0.8102   +0.0541   -4.731     9.10e-03     6.25e-02   **
  AUPRC          0.3279   0.4155   +0.0876   -1.725     1.60e-01     1.88e-01     
  Brier          0.1775   0.1822   +0.0047   -0.275     7.97e-01     1.00e+00     
  Accuracy       0.7355   0.7148   -0.0208    1.018     3.66e-01     4.38e-01     
  F1             0.3376   0.3818   +0.0442   -2.750     5.14e-02     1.25e-01    †
  ───────────────────────────────────────────────────────────────────────
  *** p<0.001  ** p<0.01  * p<0.05  † p<0.10
  주의: n=5 folds — 검정력이 낮으므로 방향성(Δ) 참고 병행 권장

=======================================================
CrossAttn Test Evaluation  (scale_clin=True, scale_aec=True)
=======================================================

Logistic Regression — Test Set (Overall):
  AUC: 0.7994  AUPRC: 0.3286  Brier: 0.1801  Acc: 0.7162  F1: 0.3299

Logistic Regression — Test Set (By Sex):
  [M] n=86  AUC: 0.7629  AUPRC: 0.3795  Brier: 0.2305  Acc: 0.6279  F1: 0.3846
              precision    recall  f1-score   support

      Normal       0.94      0.60      0.73        73
  Sarcopenia       0.26      0.77      0.38        13

    accuracy                           0.63        86
   macro avg       0.60      0.69      0.56        86
weighted avg       0.83      0.63      0.68        86

  [F] n=143  AUC: 0.8023  AUPRC: 0.3240  Brier: 0.1498  Acc: 0.7692  F1: 0.2667
              precision    recall  f1-score   support

      Normal       0.95      0.79      0.86       132
  Sarcopenia       0.18      0.55      0.27        11

    accuracy                           0.77       143
   macro avg       0.57      0.67      0.56       143
weighted avg       0.89      0.77      0.82       143

CrossAttn — training final model for 4 epochs on full CV set …

CrossAttn — Test Set (Overall):
  AUC: 0.8098  AUPRC: 0.3296  Brier: 0.2402  Acc: 0.5983  F1: 0.3030

CrossAttn — Test Set (By Sex):
  [M] n=86  AUC: 0.7724  AUPRC: 0.3699  Brier: 0.2836  Acc: 0.5465  F1: 0.3607
              precision    recall  f1-score   support

      Normal       0.95      0.49      0.65        73
  Sarcopenia       0.23      0.85      0.36        13

    accuracy                           0.55        86
   macro avg       0.59      0.67      0.50        86
weighted avg       0.84      0.55      0.61        86

  [F] n=143  AUC: 0.8237  AUPRC: 0.3784  Brier: 0.2140  Acc: 0.6294  F1: 0.2535
              precision    recall  f1-score   support

      Normal       0.98      0.61      0.75       132
  Sarcopenia       0.15      0.82      0.25        11

    accuracy                           0.63       143
   macro avg       0.56      0.72      0.50       143
weighted avg       0.91      0.63      0.72       143

ResNet1D — training final model for 184 epochs on full CV set …

ResNet1D — Test Set (Overall):
  AUC: 0.8026  AUPRC: 0.3254  Brier: 0.1445  Acc: 0.7991  F1: 0.4103

ResNet1D — Test Set (By Sex):
  [M] n=86  AUC: 0.7756  AUPRC: 0.3342  Brier: 0.1844  Acc: 0.7442  F1: 0.5000
              precision    recall  f1-score   support

      Normal       0.96      0.73      0.83        73
  Sarcopenia       0.35      0.85      0.50        13

    accuracy                           0.74        86
   macro avg       0.66      0.79      0.66        86
weighted avg       0.87      0.74      0.78        86

  [F] n=143  AUC: 0.7844  AUPRC: 0.3580  Brier: 0.1204  Acc: 0.8322  F1: 0.2941
              precision    recall  f1-score   support

      Normal       0.95      0.86      0.90       132
  Sarcopenia       0.22      0.45      0.29        11

    accuracy                           0.83       143
   macro avg       0.58      0.66      0.60       143
weighted avg       0.89      0.83      0.86       143


Saved (model 2 (excl_extreme)):
  연구코드/results/0515/model_2\excl_extreme\scale_both/data_distribution.png
  연구코드/results/0515/model_2\excl_extreme\scale_both/cv_roc_curves.png
  연구코드/results/0515/model_2\excl_extreme\scale_both/cv_metric_distribution.png
  연구코드/results/0515/model_2\excl_extreme\scale_both/training_curves.png
  연구코드/results/0515/model_2\excl_extreme\scale_both/test_roc_curves.png
  연구코드/results/0515/model_2\excl_extreme\scale_both/test_roc_by_sex.png
  연구코드/results/0515/model_2\excl_extreme\scale_both/confusion_matrices.png
  연구코드/results/0515/model_2\excl_extreme\scale_both/calibration.png
  연구코드/results/0515/model_2\excl_extreme\scale_both/results.md
