============================================================
  MODEL 2 — Clinic + AEC  (7 AEC variants × 2 cases)
============================================================

############################################################
  [M2 len064] CASE : scale_clinic  (scale_clinic=True, scale_aec=False)
############################################################
=======================================================
5-Fold CV  [CrossAttn | scale_clin=True, scale_aec=False]
=======================================================

── Fold 1/5 ──────────────────────────────
  LR   — AUC: 0.6988  AUPRC: 0.2131  Brier: 0.2095  Acc: 0.6961  F1: 0.2791
  CA   — AUC: 0.8506  AUPRC: 0.4509  Brier: 0.1410  Acc: 0.7941  F1: 0.4000  (best ep=93)
  RN1D — AUC: 0.7408  AUPRC: 0.3274  Brier: 0.2660  Acc: 0.3039  F1: 0.2198  (best ep=1)

── Fold 2/5 ──────────────────────────────
  LR   — AUC: 0.6497  AUPRC: 0.1758  Brier: 0.2096  Acc: 0.7044  F1: 0.2105
  CA   — AUC: 0.8604  AUPRC: 0.4661  Brier: 0.1835  Acc: 0.7094  F1: 0.4040  (best ep=43)
  RN1D — AUC: 0.6929  AUPRC: 0.2014  Brier: 0.2422  Acc: 0.6749  F1: 0.2979  (best ep=20)

── Fold 3/5 ──────────────────────────────
  LR   — AUC: 0.7275  AUPRC: 0.2299  Brier: 0.1847  Acc: 0.7192  F1: 0.3133
  CA   — AUC: 0.8147  AUPRC: 0.3533  Brier: 0.1466  Acc: 0.7980  F1: 0.4225  (best ep=4)
  RN1D — AUC: 0.6462  AUPRC: 0.1621  Brier: 0.2313  Acc: 0.6256  F1: 0.2692  (best ep=3)

── Fold 4/5 ──────────────────────────────
  LR   — AUC: 0.6308  AUPRC: 0.1969  Brier: 0.2021  Acc: 0.7192  F1: 0.2963
  CA   — AUC: 0.8287  AUPRC: 0.5534  Brier: 0.1364  Acc: 0.7783  F1: 0.3836  (best ep=9)
  RN1D — AUC: 0.6954  AUPRC: 0.3492  Brier: 0.1990  Acc: 0.7241  F1: 0.2821  (best ep=138)

── Fold 5/5 ──────────────────────────────
  LR   — AUC: 0.6645  AUPRC: 0.2732  Brier: 0.2007  Acc: 0.7044  F1: 0.2857
  CA   — AUC: 0.8199  AUPRC: 0.3279  Brier: 0.1797  Acc: 0.7783  F1: 0.4444  (best ep=18)
  RN1D — AUC: 0.5892  AUPRC: 0.2306  Brier: 0.2129  Acc: 0.6897  F1: 0.2588  (best ep=198)

===========================================================================
LR  —  5-Fold CV Summary
===========================================================================
  Fold      AUC-ROC      AUPRC      Brier   Accuracy         F1
  ----------------------------------------------------------
  1          0.6988     0.2131     0.2095     0.6961     0.2791
  2          0.6497     0.1758     0.2096     0.7044     0.2105
  3          0.7275     0.2299     0.1847     0.7192     0.3133
  4          0.6308     0.1969     0.2021     0.7192     0.2963
  5          0.6645     0.2732     0.2007     0.7044     0.2857
  ──────────────────────────────────────────────────────────
  Mean       0.6743     0.2178     0.2013     0.7087     0.2770
  ±Std       0.0347     0.0330     0.0091     0.0091     0.0352

===========================================================================
CrossAttn  —  5-Fold CV Summary
===========================================================================
  Fold      AUC-ROC      AUPRC      Brier   Accuracy         F1
  ----------------------------------------------------------
  1          0.8506     0.4509     0.1410     0.7941     0.4000
  2          0.8604     0.4661     0.1835     0.7094     0.4040
  3          0.8147     0.3533     0.1466     0.7980     0.4225
  4          0.8287     0.5534     0.1364     0.7783     0.3836
  5          0.8199     0.3279     0.1797     0.7783     0.4444
  ──────────────────────────────────────────────────────────
  Mean       0.8349     0.4303     0.1574     0.7716     0.4109
  ±Std       0.0177     0.0816     0.0200     0.0322     0.0209

===========================================================================
ResNet1D  —  5-Fold CV Summary
===========================================================================
  Fold      AUC-ROC      AUPRC      Brier   Accuracy         F1
  ----------------------------------------------------------
  1          0.7408     0.3274     0.2660     0.3039     0.2198
  2          0.6929     0.2014     0.2422     0.6749     0.2979
  3          0.6462     0.1621     0.2313     0.6256     0.2692
  4          0.6954     0.3492     0.1990     0.7241     0.2821
  5          0.5892     0.2306     0.2129     0.6897     0.2588
  ──────────────────────────────────────────────────────────
  Mean       0.6729     0.2541     0.2303     0.6036     0.2656
  ±Std       0.0515     0.0724     0.0232     0.1532     0.0263

=================================================================
  Statistical Comparison: [LR]  vs  [CrossAttn]
  Paired t-test + Wilcoxon signed-rank  (n=5 folds)
  Δ Mean = CrossAttn − LR  (양수 → CrossAttn가 우세)
=================================================================
  Metric          Mean1    Mean2    Δ Mean   t-stat      t p-val      W p-val     
  -----------------------------------------------------------------------
  AUC-ROC        0.6743   0.8349   +0.1606   -7.408     1.77e-03     6.25e-02   **
  AUPRC          0.2178   0.4303   +0.2125   -3.872     1.80e-02     6.25e-02    *
  Brier          0.2013   0.1574   -0.0439    4.444     1.13e-02     6.25e-02    *
  Accuracy       0.7087   0.7716   +0.0630   -3.988     1.63e-02     6.25e-02    *
  F1             0.2770   0.4109   +0.1339   -7.099     2.08e-03     6.25e-02   **
  ───────────────────────────────────────────────────────────────────────
  *** p<0.001  ** p<0.01  * p<0.05  † p<0.10
  주의: n=5 folds — 검정력이 낮으므로 방향성(Δ) 참고 병행 권장

=======================================================
CrossAttn Test Evaluation  (scale_clin=True, scale_aec=False)
=======================================================

Logistic Regression — Test Set (Overall):
  AUC: 0.6298  AUPRC: 0.1686  Brier: 0.2047  Acc: 0.6824  F1: 0.2430

Logistic Regression — Test Set (By Sex):
  [M] n=97  AUC: 0.6403  AUPRC: 0.2287  Brier: 0.2353  Acc: 0.6392  F1: 0.2857
              precision    recall  f1-score   support

      Normal       0.89      0.66      0.76        83
  Sarcopenia       0.20      0.50      0.29        14

    accuracy                           0.64        97
   macro avg       0.54      0.58      0.52        97
weighted avg       0.79      0.64      0.69        97

  [F] n=158  AUC: 0.5979  AUPRC: 0.1284  Brier: 0.1860  Acc: 0.7089  F1: 0.2069
              precision    recall  f1-score   support

      Normal       0.94      0.73      0.82       145
  Sarcopenia       0.13      0.46      0.21        13

    accuracy                           0.71       158
   macro avg       0.54      0.60      0.51       158
weighted avg       0.87      0.71      0.77       158

CrossAttn — training final model for 18 epochs on full CV set …

CrossAttn — Test Set (Overall):
  AUC: 0.7445  AUPRC: 0.2869  Brier: 0.1480  Acc: 0.7882  F1: 0.3250

CrossAttn — Test Set (By Sex):
  [M] n=97  AUC: 0.7392  AUPRC: 0.3656  Brier: 0.2207  Acc: 0.6598  F1: 0.3529
              precision    recall  f1-score   support

      Normal       0.92      0.66      0.77        83
  Sarcopenia       0.24      0.64      0.35        14

    accuracy                           0.66        97
   macro avg       0.58      0.65      0.56        97
weighted avg       0.82      0.66      0.71        97

  [F] n=158  AUC: 0.7215  AUPRC: 0.2622  Brier: 0.1034  Acc: 0.8671  F1: 0.2759
              precision    recall  f1-score   support

      Normal       0.94      0.92      0.93       145
  Sarcopenia       0.25      0.31      0.28        13

    accuracy                           0.87       158
   macro avg       0.59      0.61      0.60       158
weighted avg       0.88      0.87      0.87       158

ResNet1D — training final model for 20 epochs on full CV set …

ResNet1D — Test Set (Overall):
  AUC: 0.6434  AUPRC: 0.1871  Brier: 0.2210  Acc: 0.6824  F1: 0.2569

ResNet1D — Test Set (By Sex):
  [M] n=97  AUC: 0.7341  AUPRC: 0.4248  Brier: 0.2001  Acc: 0.7526  F1: 0.3684
              precision    recall  f1-score   support

      Normal       0.90      0.80      0.85        83
  Sarcopenia       0.29      0.50      0.37        14

    accuracy                           0.75        97
   macro avg       0.60      0.65      0.61        97
weighted avg       0.82      0.75      0.78        97

  [F] n=158  AUC: 0.5857  AUPRC: 0.1102  Brier: 0.2339  Acc: 0.6392  F1: 0.1972
              precision    recall  f1-score   support

      Normal       0.94      0.65      0.77       145
  Sarcopenia       0.12      0.54      0.20        13

    accuracy                           0.64       158
   macro avg       0.53      0.59      0.48       158
weighted avg       0.87      0.64      0.72       158


───────────────────────────────────────────────────────
Test Set — Bootstrap CI & DeLong Comparison
───────────────────────────────────────────────────────

  Bootstrap 95% CI — LR  (n_boot=2000)
  Metric         Estimate   95% CI Lower   95% CI Upper
  ----------------------------------------------------
  AUC-ROC          0.6298         0.5123         0.7355
  AUPRC            0.1686         0.1013         0.2962
  Brier            0.2047         0.1770         0.2348
  Accuracy         0.6824         0.6274         0.7373
  F1               0.2430         0.1333         0.3492

  Bootstrap 95% CI — CrossAttn  (n_boot=2000)
  Metric         Estimate   95% CI Lower   95% CI Upper
  ----------------------------------------------------
  AUC-ROC          0.7445         0.6485         0.8314
  AUPRC            0.2869         0.1667         0.4688
  Brier            0.1480         0.1206         0.1767
  Accuracy         0.7882         0.7412         0.8392
  F1               0.3250         0.1867         0.4584

  Bootstrap 95% CI — ResNet1D  (n_boot=2000)
  Metric         Estimate   95% CI Lower   95% CI Upper
  ----------------------------------------------------
  AUC-ROC          0.6434         0.5347         0.7493
  AUPRC            0.1871         0.1066         0.3407
  Brier            0.2210         0.2099         0.2316
  Accuracy         0.6824         0.6274         0.7412
  F1               0.2569         0.1443         0.3656

  DeLong Test (ROC AUC)  [LR] vs [CrossAttn]  (paired, 동일 test set)
  AUC(LR)=0.6298  AUC(CrossAttn)=0.7445  Δ=+0.1147  z=-2.049  p=4.0419e-02  *
  *** p<0.001  ** p<0.01  * p<0.05  † p<0.10  ns p≥0.10

  DeLong Test (ROC AUC)  [LR] vs [ResNet1D]  (paired, 동일 test set)
  AUC(LR)=0.6298  AUC(ResNet1D)=0.6434  Δ=+0.0136  z=-0.203  p=8.3876e-01  ns
  *** p<0.001  ** p<0.01  * p<0.05  † p<0.10  ns p≥0.10

  DeLong Test (ROC AUC)  [CrossAttn] vs [ResNet1D]  (paired, 동일 test set)
  AUC(CrossAttn)=0.7445  AUC(ResNet1D)=0.6434  Δ=-0.1010  z=1.709  p=8.7371e-02  †
  *** p<0.001  ** p<0.01  * p<0.05  † p<0.10  ns p≥0.10

Saved (model 2 (len064)):
  연구코드/results/0522/model_2\len064\scale_clinic/data_distribution.png
  연구코드/results/0522/model_2\len064\scale_clinic/cv_roc_curves.png
  연구코드/results/0522/model_2\len064\scale_clinic/cv_metric_distribution.png
  연구코드/results/0522/model_2\len064\scale_clinic/training_curves.png
  연구코드/results/0522/model_2\len064\scale_clinic/test_roc_curves.png
  연구코드/results/0522/model_2\len064\scale_clinic/test_roc_by_sex.png
  연구코드/results/0522/model_2\len064\scale_clinic/confusion_matrices.png
  연구코드/results/0522/model_2\len064\scale_clinic/calibration.png
  연구코드/results/0522/model_2\len064\scale_clinic/results.md

############################################################
  [M2 len064] CASE : scale_both  (scale_clinic=True, scale_aec=True)
############################################################
=======================================================
5-Fold CV  [CrossAttn | scale_clin=True, scale_aec=True]
=======================================================

── Fold 1/5 ──────────────────────────────
  LR   — AUC: 0.7950  AUPRC: 0.4279  Brier: 0.1671  Acc: 0.7549  F1: 0.3590
  CA   — AUC: 0.8544  AUPRC: 0.5087  Brier: 0.1610  Acc: 0.7402  F1: 0.3765  (best ep=56)
  RN1D — AUC: 0.8679  AUPRC: 0.4307  Brier: 0.1654  Acc: 0.7647  F1: 0.4286  (best ep=11)

── Fold 2/5 ──────────────────────────────
  LR   — AUC: 0.7943  AUPRC: 0.3506  Brier: 0.1631  Acc: 0.7586  F1: 0.3797
  CA   — AUC: 0.8393  AUPRC: 0.3991  Brier: 0.1693  Acc: 0.7241  F1: 0.3913  (best ep=9)
  RN1D — AUC: 0.8513  AUPRC: 0.4920  Brier: 0.1015  Acc: 0.8473  F1: 0.4746  (best ep=39)

── Fold 3/5 ──────────────────────────────
  LR   — AUC: 0.8217  AUPRC: 0.3079  Brier: 0.1600  Acc: 0.7734  F1: 0.3784
  CA   — AUC: 0.7888  AUPRC: 0.3213  Brier: 0.1502  Acc: 0.7783  F1: 0.3836  (best ep=5)
  RN1D — AUC: 0.7991  AUPRC: 0.3489  Brier: 0.1489  Acc: 0.7931  F1: 0.3824  (best ep=90)

── Fold 4/5 ──────────────────────────────
  LR   — AUC: 0.7981  AUPRC: 0.4202  Brier: 0.1887  Acc: 0.6946  F1: 0.3404
  CA   — AUC: 0.8664  AUPRC: 0.6010  Brier: 0.2538  Acc: 0.5764  F1: 0.3065  (best ep=15)
  RN1D — AUC: 0.8425  AUPRC: 0.4994  Brier: 0.1664  Acc: 0.7438  F1: 0.4222  (best ep=24)

── Fold 5/5 ──────────────────────────────
  LR   — AUC: 0.8117  AUPRC: 0.3833  Brier: 0.1755  Acc: 0.7635  F1: 0.4000
  CA   — AUC: 0.8245  AUPRC: 0.3571  Brier: 0.2253  Acc: 0.6847  F1: 0.3725  (best ep=7)
  RN1D — AUC: 0.8400  AUPRC: 0.3149  Brier: 0.1571  Acc: 0.7635  F1: 0.4545  (best ep=26)

===========================================================================
LR  —  5-Fold CV Summary
===========================================================================
  Fold      AUC-ROC      AUPRC      Brier   Accuracy         F1
  ----------------------------------------------------------
  1          0.7950     0.4279     0.1671     0.7549     0.3590
  2          0.7943     0.3506     0.1631     0.7586     0.3797
  3          0.8217     0.3079     0.1600     0.7734     0.3784
  4          0.7981     0.4202     0.1887     0.6946     0.3404
  5          0.8117     0.3833     0.1755     0.7635     0.4000
  ──────────────────────────────────────────────────────────
  Mean       0.8041     0.3780     0.1709     0.7490     0.3715
  ±Std       0.0108     0.0446     0.0103     0.0279     0.0202

===========================================================================
CrossAttn  —  5-Fold CV Summary
===========================================================================
  Fold      AUC-ROC      AUPRC      Brier   Accuracy         F1
  ----------------------------------------------------------
  1          0.8544     0.5087     0.1610     0.7402     0.3765
  2          0.8393     0.3991     0.1693     0.7241     0.3913
  3          0.7888     0.3213     0.1502     0.7783     0.3836
  4          0.8664     0.6010     0.2538     0.5764     0.3065
  5          0.8245     0.3571     0.2253     0.6847     0.3725
  ──────────────────────────────────────────────────────────
  Mean       0.8347     0.4374     0.1919     0.7007     0.3661
  ±Std       0.0269     0.1032     0.0404     0.0691     0.0305

===========================================================================
ResNet1D  —  5-Fold CV Summary
===========================================================================
  Fold      AUC-ROC      AUPRC      Brier   Accuracy         F1
  ----------------------------------------------------------
  1          0.8679     0.4307     0.1654     0.7647     0.4286
  2          0.8513     0.4920     0.1015     0.8473     0.4746
  3          0.7991     0.3489     0.1489     0.7931     0.3824
  4          0.8425     0.4994     0.1664     0.7438     0.4222
  5          0.8400     0.3149     0.1571     0.7635     0.4545
  ──────────────────────────────────────────────────────────
  Mean       0.8402     0.4172     0.1479     0.7825     0.4325
  ±Std       0.0227     0.0744     0.0241     0.0360     0.0313

=================================================================
  Statistical Comparison: [LR]  vs  [CrossAttn]
  Paired t-test + Wilcoxon signed-rank  (n=5 folds)
  Δ Mean = CrossAttn − LR  (양수 → CrossAttn가 우세)
=================================================================
  Metric          Mean1    Mean2    Δ Mean   t-stat      t p-val      W p-val     
  -----------------------------------------------------------------------
  AUC-ROC        0.8041   0.8347   +0.0305   -1.654     1.73e-01     1.88e-01     
  AUPRC          0.3780   0.4374   +0.0595   -1.691     1.66e-01     1.88e-01     
  Brier          0.1709   0.1919   +0.0210   -1.375     2.41e-01     4.38e-01     
  Accuracy       0.7490   0.7007   -0.0483    2.161     9.68e-02     1.25e-01    †
  F1             0.3715   0.3661   -0.0054    0.515     6.33e-01     8.12e-01     
  ───────────────────────────────────────────────────────────────────────
  *** p<0.001  ** p<0.01  * p<0.05  † p<0.10
  주의: n=5 folds — 검정력이 낮으므로 방향성(Δ) 참고 병행 권장

=======================================================
CrossAttn Test Evaluation  (scale_clin=True, scale_aec=True)
=======================================================

Logistic Regression — Test Set (Overall):
  AUC: 0.7313  AUPRC: 0.2543  Brier: 0.1771  Acc: 0.7490  F1: 0.2889

Logistic Regression — Test Set (By Sex):
  [M] n=97  AUC: 0.7556  AUPRC: 0.3415  Brier: 0.2288  Acc: 0.6598  F1: 0.3774
              precision    recall  f1-score   support

      Normal       0.93      0.65      0.77        83
  Sarcopenia       0.26      0.71      0.38        14

    accuracy                           0.66        97
   macro avg       0.59      0.68      0.57        97
weighted avg       0.83      0.66      0.71        97

  [F] n=158  AUC: 0.6684  AUPRC: 0.1499  Brier: 0.1454  Acc: 0.8038  F1: 0.1622
              precision    recall  f1-score   support

      Normal       0.93      0.86      0.89       145
  Sarcopenia       0.12      0.23      0.16        13

    accuracy                           0.80       158
   macro avg       0.53      0.54      0.53       158
weighted avg       0.86      0.80      0.83       158

CrossAttn — training final model for 9 epochs on full CV set …

CrossAttn — Test Set (Overall):
  AUC: 0.7635  AUPRC: 0.2771  Brier: 0.1790  Acc: 0.7255  F1: 0.3137

CrossAttn — Test Set (By Sex):
  [M] n=97  AUC: 0.7608  AUPRC: 0.3605  Brier: 0.2374  Acc: 0.6289  F1: 0.3793
              precision    recall  f1-score   support

      Normal       0.94      0.60      0.74        83
  Sarcopenia       0.25      0.79      0.38        14

    accuracy                           0.63        97
   macro avg       0.60      0.69      0.56        97
weighted avg       0.84      0.63      0.68        97

  [F] n=158  AUC: 0.7528  AUPRC: 0.1948  Brier: 0.1431  Acc: 0.7848  F1: 0.2273
              precision    recall  f1-score   support

      Normal       0.94      0.82      0.88       145
  Sarcopenia       0.16      0.38      0.23        13

    accuracy                           0.78       158
   macro avg       0.55      0.60      0.55       158
weighted avg       0.87      0.78      0.82       158

ResNet1D — training final model for 26 epochs on full CV set …

ResNet1D — Test Set (Overall):
  AUC: 0.7370  AUPRC: 0.2226  Brier: 0.1806  Acc: 0.7255  F1: 0.2857

ResNet1D — Test Set (By Sex):
  [M] n=97  AUC: 0.7444  AUPRC: 0.2795  Brier: 0.2414  Acc: 0.5979  F1: 0.3607
              precision    recall  f1-score   support

      Normal       0.94      0.57      0.71        83
  Sarcopenia       0.23      0.79      0.36        14

    accuracy                           0.60        97
   macro avg       0.59      0.68      0.53        97
weighted avg       0.84      0.60      0.66        97

  [F] n=158  AUC: 0.6897  AUPRC: 0.1695  Brier: 0.1433  Acc: 0.8038  F1: 0.1622
              precision    recall  f1-score   support

      Normal       0.93      0.86      0.89       145
  Sarcopenia       0.12      0.23      0.16        13

    accuracy                           0.80       158
   macro avg       0.53      0.54      0.53       158
weighted avg       0.86      0.80      0.83       158


───────────────────────────────────────────────────────
Test Set — Bootstrap CI & DeLong Comparison
───────────────────────────────────────────────────────

  Bootstrap 95% CI — LR  (n_boot=2000)
  Metric         Estimate   95% CI Lower   95% CI Upper
  ----------------------------------------------------
  AUC-ROC          0.7313         0.6357         0.8195
  AUPRC            0.2543         0.1446         0.4151
  Brier            0.1771         0.1495         0.2052
  Accuracy         0.7490         0.6941         0.8039
  F1               0.2889         0.1628         0.4107

  Bootstrap 95% CI — CrossAttn  (n_boot=2000)
  Metric         Estimate   95% CI Lower   95% CI Upper
  ----------------------------------------------------
  AUC-ROC          0.7635         0.6781         0.8416
  AUPRC            0.2771         0.1633         0.4453
  Brier            0.1790         0.1490         0.2090
  Accuracy         0.7255         0.6706         0.7804
  F1               0.3137         0.1957         0.4299

  Bootstrap 95% CI — ResNet1D  (n_boot=2000)
  Metric         Estimate   95% CI Lower   95% CI Upper
  ----------------------------------------------------
  AUC-ROC          0.7370         0.6472         0.8222
  AUPRC            0.2226         0.1415         0.3861
  Brier            0.1806         0.1548         0.2058
  Accuracy         0.7255         0.6745         0.7804
  F1               0.2857         0.1720         0.4043

  DeLong Test (ROC AUC)  [LR] vs [CrossAttn]  (paired, 동일 test set)
  AUC(LR)=0.7313  AUC(CrossAttn)=0.7635  Δ=+0.0322  z=-1.012  p=3.1139e-01  ns
  *** p<0.001  ** p<0.01  * p<0.05  † p<0.10  ns p≥0.10

  DeLong Test (ROC AUC)  [LR] vs [ResNet1D]  (paired, 동일 test set)
  AUC(LR)=0.7313  AUC(ResNet1D)=0.7370  Δ=+0.0057  z=-0.184  p=8.5433e-01  ns
  *** p<0.001  ** p<0.01  * p<0.05  † p<0.10  ns p≥0.10

  DeLong Test (ROC AUC)  [CrossAttn] vs [ResNet1D]  (paired, 동일 test set)
  AUC(CrossAttn)=0.7635  AUC(ResNet1D)=0.7370  Δ=-0.0265  z=1.127  p=2.5964e-01  ns
  *** p<0.001  ** p<0.01  * p<0.05  † p<0.10  ns p≥0.10

Saved (model 2 (len064)):
  연구코드/results/0522/model_2\len064\scale_both/data_distribution.png
  연구코드/results/0522/model_2\len064\scale_both/cv_roc_curves.png
  연구코드/results/0522/model_2\len064\scale_both/cv_metric_distribution.png
  연구코드/results/0522/model_2\len064\scale_both/training_curves.png
  연구코드/results/0522/model_2\len064\scale_both/test_roc_curves.png
  연구코드/results/0522/model_2\len064\scale_both/test_roc_by_sex.png
  연구코드/results/0522/model_2\len064\scale_both/confusion_matrices.png
  연구코드/results/0522/model_2\len064\scale_both/calibration.png
  연구코드/results/0522/model_2\len064\scale_both/results.md

############################################################
  [M2 len128] CASE : scale_clinic  (scale_clinic=True, scale_aec=False)
############################################################
=======================================================
5-Fold CV  [CrossAttn | scale_clin=True, scale_aec=False]
=======================================================

── Fold 1/5 ──────────────────────────────
  LR   — AUC: 0.6126  AUPRC: 0.1864  Brier: 0.2390  Acc: 0.6716  F1: 0.2299
  CA   — AUC: 0.8511  AUPRC: 0.5168  Brier: 0.1257  Acc: 0.8088  F1: 0.4179  (best ep=48)
  RN1D — AUC: 0.7385  AUPRC: 0.2590  Brier: 0.2142  Acc: 0.6667  F1: 0.2766  (best ep=25)

── Fold 2/5 ──────────────────────────────
  LR   — AUC: 0.5849  AUPRC: 0.1321  Brier: 0.2083  Acc: 0.7291  F1: 0.1270
  CA   — AUC: 0.8636  AUPRC: 0.5274  Brier: 0.1900  Acc: 0.7044  F1: 0.3878  (best ep=10)
  RN1D — AUC: 0.6941  AUPRC: 0.2200  Brier: 0.2334  Acc: 0.5911  F1: 0.2906  (best ep=15)

── Fold 3/5 ──────────────────────────────
  LR   — AUC: 0.6969  AUPRC: 0.2058  Brier: 0.1862  Acc: 0.7340  F1: 0.2286
  CA   — AUC: 0.8076  AUPRC: 0.3682  Brier: 0.2225  Acc: 0.6355  F1: 0.3148  (best ep=5)
  RN1D — AUC: 0.6477  AUPRC: 0.1767  Brier: 0.2477  Acc: 0.6108  F1: 0.2617  (best ep=11)

── Fold 4/5 ──────────────────────────────
  LR   — AUC: 0.6607  AUPRC: 0.2358  Brier: 0.1688  Acc: 0.7488  F1: 0.3014
  CA   — AUC: 0.8343  AUPRC: 0.5247  Brier: 0.1584  Acc: 0.7488  F1: 0.4138  (best ep=35)
  RN1D — AUC: 0.6218  AUPRC: 0.1926  Brier: 0.2502  Acc: 0.5567  F1: 0.2241  (best ep=13)

── Fold 5/5 ──────────────────────────────
  LR   — AUC: 0.6328  AUPRC: 0.2954  Brier: 0.2134  Acc: 0.7094  F1: 0.2532
  CA   — AUC: 0.8222  AUPRC: 0.3546  Brier: 0.1999  Acc: 0.7192  F1: 0.4000  (best ep=9)
  RN1D — AUC: 0.5773  AUPRC: 0.2317  Brier: 0.2227  Acc: 0.6010  F1: 0.1980  (best ep=165)

===========================================================================
LR  —  5-Fold CV Summary
===========================================================================
  Fold      AUC-ROC      AUPRC      Brier   Accuracy         F1
  ----------------------------------------------------------
  1          0.6126     0.1864     0.2390     0.6716     0.2299
  2          0.5849     0.1321     0.2083     0.7291     0.1270
  3          0.6969     0.2058     0.1862     0.7340     0.2286
  4          0.6607     0.2358     0.1688     0.7488     0.3014
  5          0.6328     0.2954     0.2134     0.7094     0.2532
  ──────────────────────────────────────────────────────────
  Mean       0.6376     0.2111     0.2032     0.7186     0.2280
  ±Std       0.0387     0.0540     0.0240     0.0267     0.0570

===========================================================================
CrossAttn  —  5-Fold CV Summary
===========================================================================
  Fold      AUC-ROC      AUPRC      Brier   Accuracy         F1
  ----------------------------------------------------------
  1          0.8511     0.5168     0.1257     0.8088     0.4179
  2          0.8636     0.5274     0.1900     0.7044     0.3878
  3          0.8076     0.3682     0.2225     0.6355     0.3148
  4          0.8343     0.5247     0.1584     0.7488     0.4138
  5          0.8222     0.3546     0.1999     0.7192     0.4000
  ──────────────────────────────────────────────────────────
  Mean       0.8358     0.4584     0.1793     0.7233     0.3869
  ±Std       0.0200     0.0793     0.0338     0.0567     0.0376

===========================================================================
ResNet1D  —  5-Fold CV Summary
===========================================================================
  Fold      AUC-ROC      AUPRC      Brier   Accuracy         F1
  ----------------------------------------------------------
  1          0.7385     0.2590     0.2142     0.6667     0.2766
  2          0.6941     0.2200     0.2334     0.5911     0.2906
  3          0.6477     0.1767     0.2477     0.6108     0.2617
  4          0.6218     0.1926     0.2502     0.5567     0.2241
  5          0.5773     0.2317     0.2227     0.6010     0.1980
  ──────────────────────────────────────────────────────────
  Mean       0.6559     0.2160     0.2336     0.6053     0.2502
  ±Std       0.0560     0.0290     0.0139     0.0357     0.0342

=================================================================
  Statistical Comparison: [LR]  vs  [CrossAttn]
  Paired t-test + Wilcoxon signed-rank  (n=5 folds)
  Δ Mean = CrossAttn − LR  (양수 → CrossAttn가 우세)
=================================================================
  Metric          Mean1    Mean2    Δ Mean   t-stat      t p-val      W p-val     
  -----------------------------------------------------------------------
  AUC-ROC        0.6376   0.8358   +0.1982   -6.910     2.30e-03     6.25e-02   **
  AUPRC          0.2111   0.4584   +0.2473   -4.090     1.50e-02     6.25e-02    *
  Brier          0.2032   0.1793   -0.0238    0.975     3.85e-01     4.38e-01     
  Accuracy       0.7186   0.7233   +0.0048   -0.126     9.06e-01     1.00e+00     
  F1             0.2280   0.3869   +0.1589   -5.180     6.61e-03     6.25e-02   **
  ───────────────────────────────────────────────────────────────────────
  *** p<0.001  ** p<0.01  * p<0.05  † p<0.10
  주의: n=5 folds — 검정력이 낮으므로 방향성(Δ) 참고 병행 권장

=======================================================
CrossAttn Test Evaluation  (scale_clin=True, scale_aec=False)
=======================================================

Logistic Regression — Test Set (Overall):
  AUC: 0.5755  AUPRC: 0.1857  Brier: 0.2294  Acc: 0.6667  F1: 0.2202

Logistic Regression — Test Set (By Sex):
  [M] n=97  AUC: 0.5491  AUPRC: 0.2054  Brier: 0.2715  Acc: 0.6495  F1: 0.2609
              precision    recall  f1-score   support

      Normal       0.88      0.69      0.77        83
  Sarcopenia       0.19      0.43      0.26        14

    accuracy                           0.65        97
   macro avg       0.53      0.56      0.52        97
weighted avg       0.78      0.65      0.70        97

  [F] n=158  AUC: 0.5915  AUPRC: 0.1744  Brier: 0.2035  Acc: 0.6772  F1: 0.1905
              precision    recall  f1-score   support

      Normal       0.94      0.70      0.80       145
  Sarcopenia       0.12      0.46      0.19        13

    accuracy                           0.68       158
   macro avg       0.53      0.58      0.49       158
weighted avg       0.87      0.68      0.75       158

CrossAttn — training final model for 10 epochs on full CV set …

CrossAttn — Test Set (Overall):
  AUC: 0.7609  AUPRC: 0.2816  Brier: 0.1848  Acc: 0.7176  F1: 0.3077

CrossAttn — Test Set (By Sex):
  [M] n=97  AUC: 0.7668  AUPRC: 0.3520  Brier: 0.2383  Acc: 0.6392  F1: 0.4068
              precision    recall  f1-score   support

      Normal       0.96      0.60      0.74        83
  Sarcopenia       0.27      0.86      0.41        14

    accuracy                           0.64        97
   macro avg       0.61      0.73      0.57        97
weighted avg       0.86      0.64      0.69        97

  [F] n=158  AUC: 0.7199  AUPRC: 0.2248  Brier: 0.1520  Acc: 0.7658  F1: 0.1778
              precision    recall  f1-score   support

      Normal       0.93      0.81      0.86       145
  Sarcopenia       0.12      0.31      0.18        13

    accuracy                           0.77       158
   macro avg       0.53      0.56      0.52       158
weighted avg       0.86      0.77      0.81       158

ResNet1D — training final model for 15 epochs on full CV set …

ResNet1D — Test Set (Overall):
  AUC: 0.6287  AUPRC: 0.1616  Brier: 0.2335  Acc: 0.6471  F1: 0.2500

ResNet1D — Test Set (By Sex):
  [M] n=97  AUC: 0.7005  AUPRC: 0.3323  Brier: 0.2137  Acc: 0.7423  F1: 0.3590
              precision    recall  f1-score   support

      Normal       0.90      0.78      0.84        83
  Sarcopenia       0.28      0.50      0.36        14

    accuracy                           0.74        97
   macro avg       0.59      0.64      0.60        97
weighted avg       0.81      0.74      0.77        97

  [F] n=158  AUC: 0.5883  AUPRC: 0.1076  Brier: 0.2456  Acc: 0.5886  F1: 0.1975
              precision    recall  f1-score   support

      Normal       0.94      0.59      0.72       145
  Sarcopenia       0.12      0.62      0.20        13

    accuracy                           0.59       158
   macro avg       0.53      0.60      0.46       158
weighted avg       0.88      0.59      0.68       158


───────────────────────────────────────────────────────
Test Set — Bootstrap CI & DeLong Comparison
───────────────────────────────────────────────────────

  Bootstrap 95% CI — LR  (n_boot=2000)
  Metric         Estimate   95% CI Lower   95% CI Upper
  ----------------------------------------------------
  AUC-ROC          0.5755         0.4563         0.6872
  AUPRC            0.1857         0.0943         0.3213
  Brier            0.2294         0.1939         0.2655
  Accuracy         0.6667         0.6078         0.7255
  F1               0.2202         0.1121         0.3248

  Bootstrap 95% CI — CrossAttn  (n_boot=2000)
  Metric         Estimate   95% CI Lower   95% CI Upper
  ----------------------------------------------------
  AUC-ROC          0.7609         0.6719         0.8420
  AUPRC            0.2816         0.1666         0.4495
  Brier            0.1848         0.1568         0.2117
  Accuracy         0.7176         0.6667         0.7765
  F1               0.3077         0.1957         0.4242

  Bootstrap 95% CI — ResNet1D  (n_boot=2000)
  Metric         Estimate   95% CI Lower   95% CI Upper
  ----------------------------------------------------
  AUC-ROC          0.6287         0.5203         0.7380
  AUPRC            0.1616         0.0993         0.2907
  Brier            0.2335         0.2210         0.2452
  Accuracy         0.6471         0.5882         0.7059
  F1               0.2500         0.1416         0.3471

  DeLong Test (ROC AUC)  [LR] vs [CrossAttn]  (paired, 동일 test set)
  AUC(LR)=0.5755  AUC(CrossAttn)=0.7609  Δ=+0.1853  z=-3.040  p=2.3628e-03  **
  *** p<0.001  ** p<0.01  * p<0.05  † p<0.10  ns p≥0.10

  DeLong Test (ROC AUC)  [LR] vs [ResNet1D]  (paired, 동일 test set)
  AUC(LR)=0.5755  AUC(ResNet1D)=0.6287  Δ=+0.0531  z=-0.770  p=4.4130e-01  ns
  *** p<0.001  ** p<0.01  * p<0.05  † p<0.10  ns p≥0.10

  DeLong Test (ROC AUC)  [CrossAttn] vs [ResNet1D]  (paired, 동일 test set)
  AUC(CrossAttn)=0.7609  AUC(ResNet1D)=0.6287  Δ=-0.1322  z=2.217  p=2.6656e-02  *
  *** p<0.001  ** p<0.01  * p<0.05  † p<0.10  ns p≥0.10

Saved (model 2 (len128)):
  연구코드/results/0522/model_2\len128\scale_clinic/data_distribution.png
  연구코드/results/0522/model_2\len128\scale_clinic/cv_roc_curves.png
  연구코드/results/0522/model_2\len128\scale_clinic/cv_metric_distribution.png
  연구코드/results/0522/model_2\len128\scale_clinic/training_curves.png
  연구코드/results/0522/model_2\len128\scale_clinic/test_roc_curves.png
  연구코드/results/0522/model_2\len128\scale_clinic/test_roc_by_sex.png
  연구코드/results/0522/model_2\len128\scale_clinic/confusion_matrices.png
  연구코드/results/0522/model_2\len128\scale_clinic/calibration.png
  연구코드/results/0522/model_2\len128\scale_clinic/results.md

############################################################
  [M2 len128] CASE : scale_both  (scale_clinic=True, scale_aec=True)
############################################################
=======================================================
5-Fold CV  [CrossAttn | scale_clin=True, scale_aec=True]
=======================================================

── Fold 1/5 ──────────────────────────────
  LR   — AUC: 0.7912  AUPRC: 0.4233  Brier: 0.1681  Acc: 0.7402  F1: 0.3614
  CA   — AUC: 0.8304  AUPRC: 0.3684  Brier: 0.1513  Acc: 0.7843  F1: 0.4359  (best ep=20)
  RN1D — AUC: 0.8666  AUPRC: 0.4331  Brier: 0.1634  Acc: 0.7745  F1: 0.4250  (best ep=45)

── Fold 2/5 ──────────────────────────────
  LR   — AUC: 0.7896  AUPRC: 0.3349  Brier: 0.1642  Acc: 0.7586  F1: 0.3636
  CA   — AUC: 0.8749  AUPRC: 0.4736  Brier: 0.1775  Acc: 0.7143  F1: 0.3958  (best ep=38)
  RN1D — AUC: 0.8410  AUPRC: 0.4858  Brier: 0.1373  Acc: 0.8177  F1: 0.4478  (best ep=61)

── Fold 3/5 ──────────────────────────────
  LR   — AUC: 0.8177  AUPRC: 0.3083  Brier: 0.1587  Acc: 0.7783  F1: 0.3836
  CA   — AUC: 0.8119  AUPRC: 0.3361  Brier: 0.1712  Acc: 0.7291  F1: 0.3529  (best ep=4)
  RN1D — AUC: 0.7888  AUPRC: 0.3110  Brier: 0.1750  Acc: 0.7291  F1: 0.3373  (best ep=65)

── Fold 4/5 ──────────────────────────────
  LR   — AUC: 0.7953  AUPRC: 0.4159  Brier: 0.1867  Acc: 0.7044  F1: 0.3478
  CA   — AUC: 0.8611  AUPRC: 0.5849  Brier: 0.1570  Acc: 0.7389  F1: 0.4176  (best ep=31)
  RN1D — AUC: 0.8343  AUPRC: 0.5100  Brier: 0.1866  Acc: 0.7438  F1: 0.4091  (best ep=87)

── Fold 5/5 ──────────────────────────────
  LR   — AUC: 0.8066  AUPRC: 0.3819  Brier: 0.1739  Acc: 0.7734  F1: 0.4103
  CA   — AUC: 0.8320  AUPRC: 0.3586  Brier: 0.2538  Acc: 0.5862  F1: 0.3226  (best ep=3)
  RN1D — AUC: 0.8435  AUPRC: 0.3342  Brier: 0.1309  Acc: 0.8325  F1: 0.5143  (best ep=88)

===========================================================================
LR  —  5-Fold CV Summary
===========================================================================
  Fold      AUC-ROC      AUPRC      Brier   Accuracy         F1
  ----------------------------------------------------------
  1          0.7912     0.4233     0.1681     0.7402     0.3614
  2          0.7896     0.3349     0.1642     0.7586     0.3636
  3          0.8177     0.3083     0.1587     0.7783     0.3836
  4          0.7953     0.4159     0.1867     0.7044     0.3478
  5          0.8066     0.3819     0.1739     0.7734     0.4103
  ──────────────────────────────────────────────────────────
  Mean       0.8001     0.3729     0.1704     0.7510     0.3733
  ±Std       0.0106     0.0449     0.0096     0.0268     0.0217

===========================================================================
CrossAttn  —  5-Fold CV Summary
===========================================================================
  Fold      AUC-ROC      AUPRC      Brier   Accuracy         F1
  ----------------------------------------------------------
  1          0.8304     0.3684     0.1513     0.7843     0.4359
  2          0.8749     0.4736     0.1775     0.7143     0.3958
  3          0.8119     0.3361     0.1712     0.7291     0.3529
  4          0.8611     0.5849     0.1570     0.7389     0.4176
  5          0.8320     0.3586     0.2538     0.5862     0.3226
  ──────────────────────────────────────────────────────────
  Mean       0.8421     0.4243     0.1822     0.7106     0.3850
  ±Std       0.0228     0.0932     0.0370     0.0664     0.0417

===========================================================================
ResNet1D  —  5-Fold CV Summary
===========================================================================
  Fold      AUC-ROC      AUPRC      Brier   Accuracy         F1
  ----------------------------------------------------------
  1          0.8666     0.4331     0.1634     0.7745     0.4250
  2          0.8410     0.4858     0.1373     0.8177     0.4478
  3          0.7888     0.3110     0.1750     0.7291     0.3373
  4          0.8343     0.5100     0.1866     0.7438     0.4091
  5          0.8435     0.3342     0.1309     0.8325     0.5143
  ──────────────────────────────────────────────────────────
  Mean       0.8349     0.4148     0.1586     0.7795     0.4267
  ±Std       0.0255     0.0796     0.0214     0.0403     0.0573

=================================================================
  Statistical Comparison: [LR]  vs  [CrossAttn]
  Paired t-test + Wilcoxon signed-rank  (n=5 folds)
  Δ Mean = CrossAttn − LR  (양수 → CrossAttn가 우세)
=================================================================
  Metric          Mean1    Mean2    Δ Mean   t-stat      t p-val      W p-val     
  -----------------------------------------------------------------------
  AUC-ROC        0.8001   0.8421   +0.0420   -2.652     5.69e-02     1.25e-01    †
  AUPRC          0.3729   0.4243   +0.0515   -1.167     3.08e-01     4.38e-01     
  Brier          0.1704   0.1822   +0.0118   -0.623     5.67e-01     1.00e+00     
  Accuracy       0.7510   0.7106   -0.0404    0.975     3.85e-01     3.12e-01     
  F1             0.3733   0.3850   +0.0116   -0.373     7.28e-01     8.12e-01     
  ───────────────────────────────────────────────────────────────────────
  *** p<0.001  ** p<0.01  * p<0.05  † p<0.10
  주의: n=5 folds — 검정력이 낮으므로 방향성(Δ) 참고 병행 권장

=======================================================
CrossAttn Test Evaluation  (scale_clin=True, scale_aec=True)
=======================================================

Logistic Regression — Test Set (Overall):
  AUC: 0.7303  AUPRC: 0.2514  Brier: 0.1772  Acc: 0.7490  F1: 0.3043

Logistic Regression — Test Set (By Sex):
  [M] n=97  AUC: 0.7573  AUPRC: 0.3401  Brier: 0.2290  Acc: 0.6701  F1: 0.3846
              precision    recall  f1-score   support

      Normal       0.93      0.66      0.77        83
  Sarcopenia       0.26      0.71      0.38        14

    accuracy                           0.67        97
   macro avg       0.60      0.69      0.58        97
weighted avg       0.84      0.67      0.72        97

  [F] n=158  AUC: 0.6679  AUPRC: 0.1435  Brier: 0.1454  Acc: 0.7975  F1: 0.2000
              precision    recall  f1-score   support

      Normal       0.93      0.84      0.88       145
  Sarcopenia       0.15      0.31      0.20        13

    accuracy                           0.80       158
   macro avg       0.54      0.57      0.54       158
weighted avg       0.87      0.80      0.83       158

CrossAttn — training final model for 20 epochs on full CV set …

CrossAttn — Test Set (Overall):
  AUC: 0.7695  AUPRC: 0.2812  Brier: 0.1961  Acc: 0.7176  F1: 0.3208

CrossAttn — Test Set (By Sex):
  [M] n=97  AUC: 0.7599  AUPRC: 0.3296  Brier: 0.2803  Acc: 0.6186  F1: 0.3934
              precision    recall  f1-score   support

      Normal       0.96      0.58      0.72        83
  Sarcopenia       0.26      0.86      0.39        14

    accuracy                           0.62        97
   macro avg       0.61      0.72      0.56        97
weighted avg       0.86      0.62      0.67        97

  [F] n=158  AUC: 0.7459  AUPRC: 0.2281  Brier: 0.1444  Acc: 0.7785  F1: 0.2222
              precision    recall  f1-score   support

      Normal       0.94      0.81      0.87       145
  Sarcopenia       0.16      0.38      0.22        13

    accuracy                           0.78       158
   macro avg       0.55      0.60      0.55       158
weighted avg       0.87      0.78      0.82       158

ResNet1D — training final model for 65 epochs on full CV set …

ResNet1D — Test Set (Overall):
  AUC: 0.7342  AUPRC: 0.2833  Brier: 0.1839  Acc: 0.7176  F1: 0.3077

ResNet1D — Test Set (By Sex):
  [M] n=97  AUC: 0.7900  AUPRC: 0.3985  Brier: 0.2333  Acc: 0.6598  F1: 0.4211
              precision    recall  f1-score   support

      Normal       0.96      0.63      0.76        83
  Sarcopenia       0.28      0.86      0.42        14

    accuracy                           0.66        97
   macro avg       0.62      0.74      0.59        97
weighted avg       0.86      0.66      0.71        97

  [F] n=158  AUC: 0.6260  AUPRC: 0.1622  Brier: 0.1536  Acc: 0.7532  F1: 0.1702
              precision    recall  f1-score   support

      Normal       0.93      0.79      0.86       145
  Sarcopenia       0.12      0.31      0.17        13

    accuracy                           0.75       158
   macro avg       0.52      0.55      0.51       158
weighted avg       0.86      0.75      0.80       158


───────────────────────────────────────────────────────
Test Set — Bootstrap CI & DeLong Comparison
───────────────────────────────────────────────────────

  Bootstrap 95% CI — LR  (n_boot=2000)
  Metric         Estimate   95% CI Lower   95% CI Upper
  ----------------------------------------------------
  AUC-ROC          0.7303         0.6340         0.8193
  AUPRC            0.2514         0.1431         0.4107
  Brier            0.1772         0.1490         0.2053
  Accuracy         0.7490         0.6980         0.8039
  F1               0.3043         0.1818         0.4270

  Bootstrap 95% CI — CrossAttn  (n_boot=2000)
  Metric         Estimate   95% CI Lower   95% CI Upper
  ----------------------------------------------------
  AUC-ROC          0.7695         0.6838         0.8480
  AUPRC            0.2812         0.1778         0.4691
  Brier            0.1961         0.1635         0.2287
  Accuracy         0.7176         0.6667         0.7725
  F1               0.3208         0.2083         0.4355

  Bootstrap 95% CI — ResNet1D  (n_boot=2000)
  Metric         Estimate   95% CI Lower   95% CI Upper
  ----------------------------------------------------
  AUC-ROC          0.7342         0.6295         0.8265
  AUPRC            0.2833         0.1659         0.4605
  Brier            0.1839         0.1543         0.2135
  Accuracy         0.7176         0.6627         0.7725
  F1               0.3077         0.1942         0.4220

  DeLong Test (ROC AUC)  [LR] vs [CrossAttn]  (paired, 동일 test set)
  AUC(LR)=0.7303  AUC(CrossAttn)=0.7695  Δ=+0.0391  z=-1.195  p=2.3208e-01  ns
  *** p<0.001  ** p<0.01  * p<0.05  † p<0.10  ns p≥0.10

  DeLong Test (ROC AUC)  [LR] vs [ResNet1D]  (paired, 동일 test set)
  AUC(LR)=0.7303  AUC(ResNet1D)=0.7342  Δ=+0.0039  z=-0.126  p=8.9938e-01  ns
  *** p<0.001  ** p<0.01  * p<0.05  † p<0.10  ns p≥0.10

  DeLong Test (ROC AUC)  [CrossAttn] vs [ResNet1D]  (paired, 동일 test set)
  AUC(CrossAttn)=0.7695  AUC(ResNet1D)=0.7342  Δ=-0.0353  z=1.648  p=9.9286e-02  †
  *** p<0.001  ** p<0.01  * p<0.05  † p<0.10  ns p≥0.10

Saved (model 2 (len128)):
  연구코드/results/0522/model_2\len128\scale_both/data_distribution.png
  연구코드/results/0522/model_2\len128\scale_both/cv_roc_curves.png
  연구코드/results/0522/model_2\len128\scale_both/cv_metric_distribution.png
  연구코드/results/0522/model_2\len128\scale_both/training_curves.png
  연구코드/results/0522/model_2\len128\scale_both/test_roc_curves.png
  연구코드/results/0522/model_2\len128\scale_both/test_roc_by_sex.png
  연구코드/results/0522/model_2\len128\scale_both/confusion_matrices.png
  연구코드/results/0522/model_2\len128\scale_both/calibration.png
  연구코드/results/0522/model_2\len128\scale_both/results.md

############################################################
  [M2 len256] CASE : scale_clinic  (scale_clinic=True, scale_aec=False)
############################################################
=======================================================
5-Fold CV  [CrossAttn | scale_clin=True, scale_aec=False]
=======================================================

── Fold 1/5 ──────────────────────────────
  LR   — AUC: 0.5649  AUPRC: 0.1665  Brier: 0.2459  Acc: 0.6520  F1: 0.1647
  CA   — AUC: 0.8651  AUPRC: 0.4612  Brier: 0.1262  Acc: 0.8284  F1: 0.5070  (best ep=2)
  RN1D — AUC: 0.7328  AUPRC: 0.3392  Brier: 0.2323  Acc: 0.6716  F1: 0.3093  (best ep=23)

── Fold 2/5 ──────────────────────────────
  LR   — AUC: 0.5487  AUPRC: 0.1190  Brier: 0.2291  Acc: 0.7241  F1: 0.1250
  CA   — AUC: 0.8677  AUPRC: 0.5139  Brier: 0.2025  Acc: 0.6847  F1: 0.3725  (best ep=12)
  RN1D — AUC: 0.7248  AUPRC: 0.2397  Brier: 0.2050  Acc: 0.8079  F1: 0.3390  (best ep=5)

── Fold 3/5 ──────────────────────────────
  LR   — AUC: 0.6783  AUPRC: 0.1815  Brier: 0.1958  Acc: 0.7044  F1: 0.2105
  CA   — AUC: 0.8282  AUPRC: 0.3410  Brier: 0.1572  Acc: 0.7488  F1: 0.3704  (best ep=5)
  RN1D — AUC: 0.6479  AUPRC: 0.1658  Brier: 0.2445  Acc: 0.5468  F1: 0.2333  (best ep=2)

── Fold 4/5 ──────────────────────────────
  LR   — AUC: 0.6253  AUPRC: 0.2429  Brier: 0.1783  Acc: 0.7438  F1: 0.2778
  CA   — AUC: 0.8448  AUPRC: 0.4595  Brier: 0.2172  Acc: 0.6502  F1: 0.3486  (best ep=18)
  RN1D — AUC: 0.6075  AUPRC: 0.1783  Brier: 0.2230  Acc: 0.5419  F1: 0.2185  (best ep=77)

── Fold 5/5 ──────────────────────────────
  LR   — AUC: 0.5972  AUPRC: 0.2641  Brier: 0.2284  Acc: 0.6897  F1: 0.2588
  CA   — AUC: 0.8225  AUPRC: 0.3363  Brier: 0.1919  Acc: 0.7537  F1: 0.4318  (best ep=12)
  RN1D — AUC: 0.5711  AUPRC: 0.1688  Brier: 0.2247  Acc: 0.6256  F1: 0.2245  (best ep=140)

===========================================================================
LR  —  5-Fold CV Summary
===========================================================================
  Fold      AUC-ROC      AUPRC      Brier   Accuracy         F1
  ----------------------------------------------------------
  1          0.5649     0.1665     0.2459     0.6520     0.1647
  2          0.5487     0.1190     0.2291     0.7241     0.1250
  3          0.6783     0.1815     0.1958     0.7044     0.2105
  4          0.6253     0.2429     0.1783     0.7438     0.2778
  5          0.5972     0.2641     0.2284     0.6897     0.2588
  ──────────────────────────────────────────────────────────
  Mean       0.6029     0.1948     0.2155     0.7028     0.2074
  ±Std       0.0460     0.0526     0.0247     0.0313     0.0570

===========================================================================
CrossAttn  —  5-Fold CV Summary
===========================================================================
  Fold      AUC-ROC      AUPRC      Brier   Accuracy         F1
  ----------------------------------------------------------
  1          0.8651     0.4612     0.1262     0.8284     0.5070
  2          0.8677     0.5139     0.2025     0.6847     0.3725
  3          0.8282     0.3410     0.1572     0.7488     0.3704
  4          0.8448     0.4595     0.2172     0.6502     0.3486
  5          0.8225     0.3363     0.1919     0.7537     0.4318
  ──────────────────────────────────────────────────────────
  Mean       0.8457     0.4224     0.1790     0.7332     0.4061
  ±Std       0.0185     0.0711     0.0330     0.0616     0.0575

===========================================================================
ResNet1D  —  5-Fold CV Summary
===========================================================================
  Fold      AUC-ROC      AUPRC      Brier   Accuracy         F1
  ----------------------------------------------------------
  1          0.7328     0.3392     0.2323     0.6716     0.3093
  2          0.7248     0.2397     0.2050     0.8079     0.3390
  3          0.6479     0.1658     0.2445     0.5468     0.2333
  4          0.6075     0.1783     0.2230     0.5419     0.2185
  5          0.5711     0.1688     0.2247     0.6256     0.2245
  ──────────────────────────────────────────────────────────
  Mean       0.6568     0.2184     0.2259     0.6387     0.2649
  ±Std       0.0636     0.0662     0.0129     0.0977     0.0495

=================================================================
  Statistical Comparison: [LR]  vs  [CrossAttn]
  Paired t-test + Wilcoxon signed-rank  (n=5 folds)
  Δ Mean = CrossAttn − LR  (양수 → CrossAttn가 우세)
=================================================================
  Metric          Mean1    Mean2    Δ Mean   t-stat      t p-val      W p-val     
  -----------------------------------------------------------------------
  AUC-ROC        0.6029   0.8457   +0.2428   -7.967     1.34e-03     6.25e-02   **
  AUPRC          0.1948   0.4224   +0.2276   -4.108     1.48e-02     6.25e-02    *
  Brier          0.2155   0.1790   -0.0365    1.448     2.21e-01     4.38e-01     
  Accuracy       0.7028   0.7332   +0.0304   -0.656     5.48e-01     6.25e-01     
  F1             0.2074   0.4061   +0.1987   -4.361     1.21e-02     6.25e-02    *
  ───────────────────────────────────────────────────────────────────────
  *** p<0.001  ** p<0.01  * p<0.05  † p<0.10
  주의: n=5 folds — 검정력이 낮으므로 방향성(Δ) 참고 병행 권장

=======================================================
CrossAttn Test Evaluation  (scale_clin=True, scale_aec=False)
=======================================================

Logistic Regression — Test Set (Overall):
  AUC: 0.5302  AUPRC: 0.1915  Brier: 0.2329  Acc: 0.6588  F1: 0.1869

Logistic Regression — Test Set (By Sex):
  [M] n=97  AUC: 0.4828  AUPRC: 0.2251  Brier: 0.2916  Acc: 0.5670  F1: 0.1923
              precision    recall  f1-score   support

      Normal       0.85      0.60      0.70        83
  Sarcopenia       0.13      0.36      0.19        14

    accuracy                           0.57        97
   macro avg       0.49      0.48      0.45        97
weighted avg       0.74      0.57      0.63        97

  [F] n=158  AUC: 0.5655  AUPRC: 0.1743  Brier: 0.1968  Acc: 0.7152  F1: 0.1818
              precision    recall  f1-score   support

      Normal       0.93      0.74      0.83       145
  Sarcopenia       0.12      0.38      0.18        13

    accuracy                           0.72       158
   macro avg       0.53      0.56      0.50       158
weighted avg       0.86      0.72      0.77       158

CrossAttn — training final model for 12 epochs on full CV set …

CrossAttn — Test Set (Overall):
  AUC: 0.7705  AUPRC: 0.2887  Brier: 0.1937  Acc: 0.7098  F1: 0.2885

CrossAttn — Test Set (By Sex):
  [M] n=97  AUC: 0.7788  AUPRC: 0.3636  Brier: 0.2655  Acc: 0.5876  F1: 0.3548
              precision    recall  f1-score   support

      Normal       0.94      0.55      0.70        83
  Sarcopenia       0.23      0.79      0.35        14

    accuracy                           0.59        97
   macro avg       0.58      0.67      0.53        97
weighted avg       0.84      0.59      0.65        97

  [F] n=158  AUC: 0.7379  AUPRC: 0.2115  Brier: 0.1497  Acc: 0.7848  F1: 0.1905
              precision    recall  f1-score   support

      Normal       0.93      0.83      0.88       145
  Sarcopenia       0.14      0.31      0.19        13

    accuracy                           0.78       158
   macro avg       0.53      0.57      0.53       158
weighted avg       0.87      0.78      0.82       158

ResNet1D — training final model for 23 epochs on full CV set …

ResNet1D — Test Set (Overall):
  AUC: 0.6433  AUPRC: 0.2135  Brier: 0.2375  Acc: 0.6039  F1: 0.2406

ResNet1D — Test Set (By Sex):
  [M] n=97  AUC: 0.6962  AUPRC: 0.3346  Brier: 0.2219  Acc: 0.7216  F1: 0.3721
              precision    recall  f1-score   support

      Normal       0.91      0.75      0.82        83
  Sarcopenia       0.28      0.57      0.37        14

    accuracy                           0.72        97
   macro avg       0.59      0.66      0.60        97
weighted avg       0.82      0.72      0.76        97

  [F] n=158  AUC: 0.6069  AUPRC: 0.1168  Brier: 0.2471  Acc: 0.5316  F1: 0.1778
              precision    recall  f1-score   support

      Normal       0.94      0.52      0.67       145
  Sarcopenia       0.10      0.62      0.18        13

    accuracy                           0.53       158
   macro avg       0.52      0.57      0.43       158
weighted avg       0.87      0.53      0.63       158


───────────────────────────────────────────────────────
Test Set — Bootstrap CI & DeLong Comparison
───────────────────────────────────────────────────────

  Bootstrap 95% CI — LR  (n_boot=2000)
  Metric         Estimate   95% CI Lower   95% CI Upper
  ----------------------------------------------------
  AUC-ROC          0.5302         0.4035         0.6498
  AUPRC            0.1915         0.0878         0.3240
  Brier            0.2329         0.1988         0.2667
  Accuracy         0.6588         0.6000         0.7176
  F1               0.1869         0.0870         0.2885

  Bootstrap 95% CI — CrossAttn  (n_boot=2000)
  Metric         Estimate   95% CI Lower   95% CI Upper
  ----------------------------------------------------
  AUC-ROC          0.7705         0.6860         0.8484
  AUPRC            0.2887         0.1747         0.4598
  Brier            0.1937         0.1642         0.2229
  Accuracy         0.7098         0.6587         0.7647
  F1               0.2885         0.1782         0.4000

  Bootstrap 95% CI — ResNet1D  (n_boot=2000)
  Metric         Estimate   95% CI Lower   95% CI Upper
  ----------------------------------------------------
  AUC-ROC          0.6433         0.5292         0.7531
  AUPRC            0.2135         0.1136         0.3649
  Brier            0.2375         0.2261         0.2489
  Accuracy         0.6039         0.5451         0.6627
  F1               0.2406         0.1428         0.3333

  DeLong Test (ROC AUC)  [LR] vs [CrossAttn]  (paired, 동일 test set)
  AUC(LR)=0.5302  AUC(CrossAttn)=0.7705  Δ=+0.2403  z=-3.554  p=3.7896e-04  ***
  *** p<0.001  ** p<0.01  * p<0.05  † p<0.10  ns p≥0.10

  DeLong Test (ROC AUC)  [LR] vs [ResNet1D]  (paired, 동일 test set)
  AUC(LR)=0.5302  AUC(ResNet1D)=0.6433  Δ=+0.1131  z=-1.589  p=1.1213e-01  ns
  *** p<0.001  ** p<0.01  * p<0.05  † p<0.10  ns p≥0.10

  DeLong Test (ROC AUC)  [CrossAttn] vs [ResNet1D]  (paired, 동일 test set)
  AUC(CrossAttn)=0.7705  AUC(ResNet1D)=0.6433  Δ=-0.1272  z=2.100  p=3.5737e-02  *
  *** p<0.001  ** p<0.01  * p<0.05  † p<0.10  ns p≥0.10

Saved (model 2 (len256)):
  연구코드/results/0522/model_2\len256\scale_clinic/data_distribution.png
  연구코드/results/0522/model_2\len256\scale_clinic/cv_roc_curves.png
  연구코드/results/0522/model_2\len256\scale_clinic/cv_metric_distribution.png
  연구코드/results/0522/model_2\len256\scale_clinic/training_curves.png
  연구코드/results/0522/model_2\len256\scale_clinic/test_roc_curves.png
  연구코드/results/0522/model_2\len256\scale_clinic/test_roc_by_sex.png
  연구코드/results/0522/model_2\len256\scale_clinic/confusion_matrices.png
  연구코드/results/0522/model_2\len256\scale_clinic/calibration.png
  연구코드/results/0522/model_2\len256\scale_clinic/results.md

############################################################
  [M2 len256] CASE : scale_both  (scale_clinic=True, scale_aec=True)
############################################################
=======================================================
5-Fold CV  [CrossAttn | scale_clin=True, scale_aec=True]
=======================================================

── Fold 1/5 ──────────────────────────────
  LR   — AUC: 0.7870  AUPRC: 0.4100  Brier: 0.1702  Acc: 0.7353  F1: 0.3571
  CA   — AUC: 0.8319  AUPRC: 0.4764  Brier: 0.1459  Acc: 0.7794  F1: 0.4000  (best ep=2)
  RN1D — AUC: 0.7875  AUPRC: 0.5009  Brier: 0.1906  Acc: 0.7059  F1: 0.3750  (best ep=186)

── Fold 2/5 ──────────────────────────────
  LR   — AUC: 0.7833  AUPRC: 0.3167  Brier: 0.1654  Acc: 0.7537  F1: 0.3590
  CA   — AUC: 0.8576  AUPRC: 0.5384  Brier: 0.1764  Acc: 0.7438  F1: 0.4222  (best ep=29)
  RN1D — AUC: 0.7777  AUPRC: 0.3445  Brier: 0.1558  Acc: 0.7488  F1: 0.3200  (best ep=169)

── Fold 3/5 ──────────────────────────────
  LR   — AUC: 0.8189  AUPRC: 0.3103  Brier: 0.1578  Acc: 0.7783  F1: 0.3836
  CA   — AUC: 0.8235  AUPRC: 0.2842  Brier: 0.2018  Acc: 0.7044  F1: 0.3878  (best ep=3)
  RN1D — AUC: 0.6700  AUPRC: 0.2739  Brier: 0.2545  Acc: 0.5764  F1: 0.2182  (best ep=168)

── Fold 4/5 ──────────────────────────────
  LR   — AUC: 0.7880  AUPRC: 0.4055  Brier: 0.1845  Acc: 0.7143  F1: 0.3556
  CA   — AUC: 0.8576  AUPRC: 0.5463  Brier: 0.1800  Acc: 0.7094  F1: 0.3918  (best ep=16)
  RN1D — AUC: 0.8257  AUPRC: 0.4970  Brier: 0.1866  Acc: 0.6847  F1: 0.3600  (best ep=112)

── Fold 5/5 ──────────────────────────────
  LR   — AUC: 0.7993  AUPRC: 0.3862  Brier: 0.1728  Acc: 0.7783  F1: 0.4156
  CA   — AUC: 0.8385  AUPRC: 0.3633  Brier: 0.1891  Acc: 0.7488  F1: 0.4270  (best ep=9)
  RN1D — AUC: 0.6750  AUPRC: 0.1672  Brier: 0.2090  Acc: 0.6552  F1: 0.2553  (best ep=185)

===========================================================================
LR  —  5-Fold CV Summary
===========================================================================
  Fold      AUC-ROC      AUPRC      Brier   Accuracy         F1
  ----------------------------------------------------------
  1          0.7870     0.4100     0.1702     0.7353     0.3571
  2          0.7833     0.3167     0.1654     0.7537     0.3590
  3          0.8189     0.3103     0.1578     0.7783     0.3836
  4          0.7880     0.4055     0.1845     0.7143     0.3556
  5          0.7993     0.3862     0.1728     0.7783     0.4156
  ──────────────────────────────────────────────────────────
  Mean       0.7953     0.3657     0.1701     0.7520     0.3742
  ±Std       0.0130     0.0434     0.0088     0.0249     0.0231

===========================================================================
CrossAttn  —  5-Fold CV Summary
===========================================================================
  Fold      AUC-ROC      AUPRC      Brier   Accuracy         F1
  ----------------------------------------------------------
  1          0.8319     0.4764     0.1459     0.7794     0.4000
  2          0.8576     0.5384     0.1764     0.7438     0.4222
  3          0.8235     0.2842     0.2018     0.7044     0.3878
  4          0.8576     0.5463     0.1800     0.7094     0.3918
  5          0.8385     0.3633     0.1891     0.7488     0.4270
  ──────────────────────────────────────────────────────────
  Mean       0.8418     0.4417     0.1786     0.7372     0.4057
  ±Std       0.0137     0.1024     0.0186     0.0276     0.0160

===========================================================================
ResNet1D  —  5-Fold CV Summary
===========================================================================
  Fold      AUC-ROC      AUPRC      Brier   Accuracy         F1
  ----------------------------------------------------------
  1          0.7875     0.5009     0.1906     0.7059     0.3750
  2          0.7777     0.3445     0.1558     0.7488     0.3200
  3          0.6700     0.2739     0.2545     0.5764     0.2182
  4          0.8257     0.4970     0.1866     0.6847     0.3600
  5          0.6750     0.1672     0.2090     0.6552     0.2553
  ──────────────────────────────────────────────────────────
  Mean       0.7472     0.3567     0.1993     0.6742     0.3057
  ±Std       0.0631     0.1292     0.0325     0.0576     0.0603

=================================================================
  Statistical Comparison: [LR]  vs  [CrossAttn]
  Paired t-test + Wilcoxon signed-rank  (n=5 folds)
  Δ Mean = CrossAttn − LR  (양수 → CrossAttn가 우세)
=================================================================
  Metric          Mean1    Mean2    Δ Mean   t-stat      t p-val      W p-val     
  -----------------------------------------------------------------------
  AUC-ROC        0.7953   0.8418   +0.0465   -3.721     2.05e-02     6.25e-02    *
  AUPRC          0.3657   0.4417   +0.0760   -1.589     1.87e-01     3.12e-01     
  Brier          0.1701   0.1786   +0.0085   -0.746     4.97e-01     6.25e-01     
  Accuracy       0.7520   0.7372   -0.0148    0.776     4.81e-01     4.38e-01     
  F1             0.3742   0.4057   +0.0316   -2.938     4.25e-02     6.25e-02    *
  ───────────────────────────────────────────────────────────────────────
  *** p<0.001  ** p<0.01  * p<0.05  † p<0.10
  주의: n=5 folds — 검정력이 낮으므로 방향성(Δ) 참고 병행 권장

=======================================================
CrossAttn Test Evaluation  (scale_clin=True, scale_aec=True)
=======================================================

Logistic Regression — Test Set (Overall):
  AUC: 0.7261  AUPRC: 0.2230  Brier: 0.1776  Acc: 0.7490  F1: 0.2889

Logistic Regression — Test Set (By Sex):
  [M] n=97  AUC: 0.7478  AUPRC: 0.2867  Brier: 0.2298  Acc: 0.6701  F1: 0.3600
              precision    recall  f1-score   support

      Normal       0.92      0.67      0.78        83
  Sarcopenia       0.25      0.64      0.36        14

    accuracy                           0.67        97
   macro avg       0.58      0.66      0.57        97
weighted avg       0.82      0.67      0.72        97

  [F] n=158  AUC: 0.6695  AUPRC: 0.1647  Brier: 0.1455  Acc: 0.7975  F1: 0.2000
              precision    recall  f1-score   support

      Normal       0.93      0.84      0.88       145
  Sarcopenia       0.15      0.31      0.20        13

    accuracy                           0.80       158
   macro avg       0.54      0.57      0.54       158
weighted avg       0.87      0.80      0.83       158

CrossAttn — training final model for 9 epochs on full CV set …

CrossAttn — Test Set (Overall):
  AUC: 0.7614  AUPRC: 0.3059  Brier: 0.2090  Acc: 0.6902  F1: 0.3130

CrossAttn — Test Set (By Sex):
  [M] n=97  AUC: 0.7642  AUPRC: 0.3999  Brier: 0.2696  Acc: 0.6082  F1: 0.3667
              precision    recall  f1-score   support

      Normal       0.94      0.58      0.72        83
  Sarcopenia       0.24      0.79      0.37        14

    accuracy                           0.61        97
   macro avg       0.59      0.68      0.54        97
weighted avg       0.84      0.61      0.67        97

  [F] n=158  AUC: 0.7401  AUPRC: 0.2347  Brier: 0.1718  Acc: 0.7405  F1: 0.2545
              precision    recall  f1-score   support

      Normal       0.95      0.76      0.84       145
  Sarcopenia       0.17      0.54      0.25        13

    accuracy                           0.74       158
   macro avg       0.56      0.65      0.55       158
weighted avg       0.88      0.74      0.79       158

ResNet1D — training final model for 169 epochs on full CV set …

ResNet1D — Test Set (Overall):
  AUC: 0.7089  AUPRC: 0.2564  Brier: 0.1700  Acc: 0.7529  F1: 0.2921

ResNet1D — Test Set (By Sex):
  [M] n=97  AUC: 0.7719  AUPRC: 0.3708  Brier: 0.2130  Acc: 0.6701  F1: 0.4074
              precision    recall  f1-score   support

      Normal       0.95      0.65      0.77        83
  Sarcopenia       0.28      0.79      0.41        14

    accuracy                           0.67        97
   macro avg       0.61      0.72      0.59        97
weighted avg       0.85      0.67      0.72        97

  [F] n=158  AUC: 0.6154  AUPRC: 0.1319  Brier: 0.1436  Acc: 0.8038  F1: 0.1143
              precision    recall  f1-score   support

      Normal       0.92      0.86      0.89       145
  Sarcopenia       0.09      0.15      0.11        13

    accuracy                           0.80       158
   macro avg       0.51      0.51      0.50       158
weighted avg       0.85      0.80      0.83       158


───────────────────────────────────────────────────────
Test Set — Bootstrap CI & DeLong Comparison
───────────────────────────────────────────────────────

  Bootstrap 95% CI — LR  (n_boot=2000)
  Metric         Estimate   95% CI Lower   95% CI Upper
  ----------------------------------------------------
  AUC-ROC          0.7261         0.6297         0.8160
  AUPRC            0.2230         0.1380         0.3848
  Brier            0.1776         0.1492         0.2057
  Accuracy         0.7490         0.6941         0.8000
  F1               0.2889         0.1647         0.4097

  Bootstrap 95% CI — CrossAttn  (n_boot=2000)
  Metric         Estimate   95% CI Lower   95% CI Upper
  ----------------------------------------------------
  AUC-ROC          0.7614         0.6669         0.8438
  AUPRC            0.3059         0.1775         0.4965
  Brier            0.2090         0.1779         0.2412
  Accuracy         0.6902         0.6353         0.7451
  F1               0.3130         0.2020         0.4234

  Bootstrap 95% CI — ResNet1D  (n_boot=2000)
  Metric         Estimate   95% CI Lower   95% CI Upper
  ----------------------------------------------------
  AUC-ROC          0.7089         0.6071         0.8047
  AUPRC            0.2564         0.1481         0.4204
  Brier            0.1700         0.1481         0.1922
  Accuracy         0.7529         0.7020         0.8040
  F1               0.2921         0.1667         0.4211

  DeLong Test (ROC AUC)  [LR] vs [CrossAttn]  (paired, 동일 test set)
  AUC(LR)=0.7261  AUC(CrossAttn)=0.7614  Δ=+0.0353  z=-1.150  p=2.5004e-01  ns
  *** p<0.001  ** p<0.01  * p<0.05  † p<0.10  ns p≥0.10

  DeLong Test (ROC AUC)  [LR] vs [ResNet1D]  (paired, 동일 test set)
  AUC(LR)=0.7261  AUC(ResNet1D)=0.7089  Δ=-0.0172  z=0.447  p=6.5477e-01  ns
  *** p<0.001  ** p<0.01  * p<0.05  † p<0.10  ns p≥0.10

  DeLong Test (ROC AUC)  [CrossAttn] vs [ResNet1D]  (paired, 동일 test set)
  AUC(CrossAttn)=0.7614  AUC(ResNet1D)=0.7089  Δ=-0.0525  z=1.804  p=7.1193e-02  †
  *** p<0.001  ** p<0.01  * p<0.05  † p<0.10  ns p≥0.10

Saved (model 2 (len256)):
  연구코드/results/0522/model_2\len256\scale_both/data_distribution.png
  연구코드/results/0522/model_2\len256\scale_both/cv_roc_curves.png
  연구코드/results/0522/model_2\len256\scale_both/cv_metric_distribution.png
  연구코드/results/0522/model_2\len256\scale_both/training_curves.png
  연구코드/results/0522/model_2\len256\scale_both/test_roc_curves.png
  연구코드/results/0522/model_2\len256\scale_both/test_roc_by_sex.png
  연구코드/results/0522/model_2\len256\scale_both/confusion_matrices.png
  연구코드/results/0522/model_2\len256\scale_both/calibration.png
  연구코드/results/0522/model_2\len256\scale_both/results.md

############################################################
  [M2 crop80] CASE : scale_clinic  (scale_clinic=True, scale_aec=False)
############################################################
=======================================================
5-Fold CV  [CrossAttn | scale_clin=True, scale_aec=False]
=======================================================

── Fold 1/5 ──────────────────────────────
  LR   — AUC: 0.6361  AUPRC: 0.1643  Brier: 0.2243  Acc: 0.6765  F1: 0.2326
  CA   — AUC: 0.8487  AUPRC: 0.4443  Brier: 0.1714  Acc: 0.7353  F1: 0.4255  (best ep=2)
  RN1D — AUC: 0.7278  AUPRC: 0.3005  Brier: 0.2749  Acc: 0.6078  F1: 0.2727  (best ep=7)

── Fold 2/5 ──────────────────────────────
  LR   — AUC: 0.6120  AUPRC: 0.1505  Brier: 0.1989  Acc: 0.7291  F1: 0.2029
  CA   — AUC: 0.8719  AUPRC: 0.4883  Brier: 0.1649  Acc: 0.7438  F1: 0.4222  (best ep=12)
  RN1D — AUC: 0.7079  AUPRC: 0.2212  Brier: 0.2325  Acc: 0.6256  F1: 0.3091  (best ep=20)

── Fold 3/5 ──────────────────────────────
  LR   — AUC: 0.7268  AUPRC: 0.2145  Brier: 0.1758  Acc: 0.7340  F1: 0.3077
  CA   — AUC: 0.8320  AUPRC: 0.3765  Brier: 0.1833  Acc: 0.6946  F1: 0.3261  (best ep=5)
  RN1D — AUC: 0.6266  AUPRC: 0.2728  Brier: 0.2635  Acc: 0.5813  F1: 0.2478  (best ep=6)

── Fold 4/5 ──────────────────────────────
  LR   — AUC: 0.6439  AUPRC: 0.2484  Brier: 0.1827  Acc: 0.7438  F1: 0.3158
  CA   — AUC: 0.8463  AUPRC: 0.5969  Brier: 0.2024  Acc: 0.7094  F1: 0.3789  (best ep=9)
  RN1D — AUC: 0.6231  AUPRC: 0.2134  Brier: 0.2307  Acc: 0.5517  F1: 0.2222  (best ep=78)

── Fold 5/5 ──────────────────────────────
  LR   — AUC: 0.6012  AUPRC: 0.2122  Brier: 0.2236  Acc: 0.7143  F1: 0.2927
  CA   — AUC: 0.8112  AUPRC: 0.3397  Brier: 0.1703  Acc: 0.7586  F1: 0.4235  (best ep=4)
  RN1D — AUC: 0.5884  AUPRC: 0.1946  Brier: 0.2267  Acc: 0.6010  F1: 0.2136  (best ep=7)

===========================================================================
LR  —  5-Fold CV Summary
===========================================================================
  Fold      AUC-ROC      AUPRC      Brier   Accuracy         F1
  ----------------------------------------------------------
  1          0.6361     0.1643     0.2243     0.6765     0.2326
  2          0.6120     0.1505     0.1989     0.7291     0.2029
  3          0.7268     0.2145     0.1758     0.7340     0.3077
  4          0.6439     0.2484     0.1827     0.7438     0.3158
  5          0.6012     0.2122     0.2236     0.7143     0.2927
  ──────────────────────────────────────────────────────────
  Mean       0.6440     0.1980     0.2011     0.7195     0.2703
  ±Std       0.0442     0.0358     0.0201     0.0235     0.0446

===========================================================================
CrossAttn  —  5-Fold CV Summary
===========================================================================
  Fold      AUC-ROC      AUPRC      Brier   Accuracy         F1
  ----------------------------------------------------------
  1          0.8487     0.4443     0.1714     0.7353     0.4255
  2          0.8719     0.4883     0.1649     0.7438     0.4222
  3          0.8320     0.3765     0.1833     0.6946     0.3261
  4          0.8463     0.5969     0.2024     0.7094     0.3789
  5          0.8112     0.3397     0.1703     0.7586     0.4235
  ──────────────────────────────────────────────────────────
  Mean       0.8420     0.4491     0.1784     0.7283     0.3953
  ±Std       0.0201     0.0901     0.0134     0.0233     0.0387

===========================================================================
ResNet1D  —  5-Fold CV Summary
===========================================================================
  Fold      AUC-ROC      AUPRC      Brier   Accuracy         F1
  ----------------------------------------------------------
  1          0.7278     0.3005     0.2749     0.6078     0.2727
  2          0.7079     0.2212     0.2325     0.6256     0.3091
  3          0.6266     0.2728     0.2635     0.5813     0.2478
  4          0.6231     0.2134     0.2307     0.5517     0.2222
  5          0.5884     0.1946     0.2267     0.6010     0.2136
  ──────────────────────────────────────────────────────────
  Mean       0.6547     0.2405     0.2457     0.5935     0.2531
  ±Std       0.0536     0.0396     0.0197     0.0252     0.0348

=================================================================
  Statistical Comparison: [LR]  vs  [CrossAttn]
  Paired t-test + Wilcoxon signed-rank  (n=5 folds)
  Δ Mean = CrossAttn − LR  (양수 → CrossAttn가 우세)
=================================================================
  Metric          Mean1    Mean2    Δ Mean   t-stat      t p-val      W p-val     
  -----------------------------------------------------------------------
  AUC-ROC        0.6440   0.8420   +0.1980   -7.822     1.44e-03     6.25e-02   **
  AUPRC          0.1980   0.4491   +0.2512   -5.545     5.17e-03     6.25e-02   **
  Brier          0.2011   0.1784   -0.0226    1.479     2.13e-01     3.12e-01     
  Accuracy       0.7195   0.7283   +0.0088   -0.440     6.82e-01     6.25e-01     
  F1             0.2703   0.3953   +0.1249   -3.296     3.01e-02     6.25e-02    *
  ───────────────────────────────────────────────────────────────────────
  *** p<0.001  ** p<0.01  * p<0.05  † p<0.10
  주의: n=5 folds — 검정력이 낮으므로 방향성(Δ) 참고 병행 권장

=======================================================
CrossAttn Test Evaluation  (scale_clin=True, scale_aec=False)
=======================================================

Logistic Regression — Test Set (Overall):
  AUC: 0.5570  AUPRC: 0.1799  Brier: 0.2139  Acc: 0.7176  F1: 0.2500

Logistic Regression — Test Set (By Sex):
  [M] n=97  AUC: 0.5456  AUPRC: 0.2700  Brier: 0.2353  Acc: 0.7216  F1: 0.3415
              precision    recall  f1-score   support

      Normal       0.90      0.76      0.82        83
  Sarcopenia       0.26      0.50      0.34        14

    accuracy                           0.72        97
   macro avg       0.58      0.63      0.58        97
weighted avg       0.81      0.72      0.75        97

  [F] n=158  AUC: 0.5740  AUPRC: 0.1170  Brier: 0.2008  Acc: 0.7152  F1: 0.1818
              precision    recall  f1-score   support

      Normal       0.93      0.74      0.83       145
  Sarcopenia       0.12      0.38      0.18        13

    accuracy                           0.72       158
   macro avg       0.53      0.56      0.50       158
weighted avg       0.86      0.72      0.77       158

CrossAttn — training final model for 5 epochs on full CV set …

CrossAttn — Test Set (Overall):
  AUC: 0.7606  AUPRC: 0.2905  Brier: 0.1845  Acc: 0.7176  F1: 0.3208

CrossAttn — Test Set (By Sex):
  [M] n=97  AUC: 0.7556  AUPRC: 0.3605  Brier: 0.2330  Acc: 0.6598  F1: 0.4000
              precision    recall  f1-score   support

      Normal       0.95      0.64      0.76        83
  Sarcopenia       0.27      0.79      0.40        14

    accuracy                           0.66        97
   macro avg       0.61      0.71      0.58        97
weighted avg       0.85      0.66      0.71        97

  [F] n=158  AUC: 0.7379  AUPRC: 0.2490  Brier: 0.1547  Acc: 0.7532  F1: 0.2353
              precision    recall  f1-score   support

      Normal       0.94      0.78      0.85       145
  Sarcopenia       0.16      0.46      0.24        13

    accuracy                           0.75       158
   macro avg       0.55      0.62      0.54       158
weighted avg       0.88      0.75      0.80       158

ResNet1D — training final model for 7 epochs on full CV set …

ResNet1D — Test Set (Overall):
  AUC: 0.6103  AUPRC: 0.1758  Brier: 0.2541  Acc: 0.6118  F1: 0.2443

ResNet1D — Test Set (By Sex):
  [M] n=97  AUC: 0.6618  AUPRC: 0.4366  Brier: 0.2308  Acc: 0.7113  F1: 0.3636
              precision    recall  f1-score   support

      Normal       0.91      0.73      0.81        83
  Sarcopenia       0.27      0.57      0.36        14

    accuracy                           0.71        97
   macro avg       0.59      0.65      0.59        97
weighted avg       0.82      0.71      0.75        97

  [F] n=158  AUC: 0.5724  AUPRC: 0.0987  Brier: 0.2685  Acc: 0.5506  F1: 0.1839
              precision    recall  f1-score   support

      Normal       0.94      0.54      0.69       145
  Sarcopenia       0.11      0.62      0.18        13

    accuracy                           0.55       158
   macro avg       0.52      0.58      0.44       158
weighted avg       0.87      0.55      0.65       158


───────────────────────────────────────────────────────
Test Set — Bootstrap CI & DeLong Comparison
───────────────────────────────────────────────────────

  Bootstrap 95% CI — LR  (n_boot=2000)
  Metric         Estimate   95% CI Lower   95% CI Upper
  ----------------------------------------------------
  AUC-ROC          0.5570         0.4216         0.6793
  AUPRC            0.1799         0.0931         0.3107
  Brier            0.2139         0.1790         0.2504
  Accuracy         0.7176         0.6627         0.7687
  F1               0.2500         0.1333         0.3621

  Bootstrap 95% CI — CrossAttn  (n_boot=2000)
  Metric         Estimate   95% CI Lower   95% CI Upper
  ----------------------------------------------------
  AUC-ROC          0.7606         0.6690         0.8416
  AUPRC            0.2905         0.1725         0.4653
  Brier            0.1845         0.1551         0.2130
  Accuracy         0.7176         0.6627         0.7725
  F1               0.3208         0.2000         0.4355

  Bootstrap 95% CI — ResNet1D  (n_boot=2000)
  Metric         Estimate   95% CI Lower   95% CI Upper
  ----------------------------------------------------
  AUC-ROC          0.6103         0.4874         0.7358
  AUPRC            0.1758         0.1019         0.3276
  Brier            0.2541         0.2421         0.2655
  Accuracy         0.6118         0.5529         0.6706
  F1               0.2443         0.1441         0.3380

  DeLong Test (ROC AUC)  [LR] vs [CrossAttn]  (paired, 동일 test set)
  AUC(LR)=0.5570  AUC(CrossAttn)=0.7606  Δ=+0.2035  z=-3.201  p=1.3686e-03  **
  *** p<0.001  ** p<0.01  * p<0.05  † p<0.10  ns p≥0.10

  DeLong Test (ROC AUC)  [LR] vs [ResNet1D]  (paired, 동일 test set)
  AUC(LR)=0.5570  AUC(ResNet1D)=0.6103  Δ=+0.0533  z=-0.684  p=4.9423e-01  ns
  *** p<0.001  ** p<0.01  * p<0.05  † p<0.10  ns p≥0.10

  DeLong Test (ROC AUC)  [CrossAttn] vs [ResNet1D]  (paired, 동일 test set)
  AUC(CrossAttn)=0.7606  AUC(ResNet1D)=0.6103  Δ=-0.1503  z=2.599  p=9.3584e-03  **
  *** p<0.001  ** p<0.01  * p<0.05  † p<0.10  ns p≥0.10

Saved (model 2 (crop80)):
  연구코드/results/0522/model_2\crop80\scale_clinic/data_distribution.png
  연구코드/results/0522/model_2\crop80\scale_clinic/cv_roc_curves.png
  연구코드/results/0522/model_2\crop80\scale_clinic/cv_metric_distribution.png
  연구코드/results/0522/model_2\crop80\scale_clinic/training_curves.png
  연구코드/results/0522/model_2\crop80\scale_clinic/test_roc_curves.png
  연구코드/results/0522/model_2\crop80\scale_clinic/test_roc_by_sex.png
  연구코드/results/0522/model_2\crop80\scale_clinic/confusion_matrices.png
  연구코드/results/0522/model_2\crop80\scale_clinic/calibration.png
  연구코드/results/0522/model_2\crop80\scale_clinic/results.md

############################################################
  [M2 crop80] CASE : scale_both  (scale_clinic=True, scale_aec=True)
############################################################
=======================================================
5-Fold CV  [CrossAttn | scale_clin=True, scale_aec=True]
=======================================================

── Fold 1/5 ──────────────────────────────
  LR   — AUC: 0.8047  AUPRC: 0.4232  Brier: 0.1639  Acc: 0.7647  F1: 0.3846
  CA   — AUC: 0.8347  AUPRC: 0.4117  Brier: 0.1742  Acc: 0.7304  F1: 0.3956  (best ep=4)
  RN1D — AUC: 0.8489  AUPRC: 0.4809  Brier: 0.1434  Acc: 0.8088  F1: 0.4800  (best ep=132)

── Fold 2/5 ──────────────────────────────
  LR   — AUC: 0.8104  AUPRC: 0.3536  Brier: 0.1588  Acc: 0.7734  F1: 0.3947
  CA   — AUC: 0.8639  AUPRC: 0.4690  Brier: 0.1675  Acc: 0.7438  F1: 0.4091  (best ep=20)
  RN1D — AUC: 0.8182  AUPRC: 0.4324  Brier: 0.1551  Acc: 0.7734  F1: 0.3784  (best ep=161)

── Fold 3/5 ──────────────────────────────
  LR   — AUC: 0.8209  AUPRC: 0.3110  Brier: 0.1573  Acc: 0.7882  F1: 0.3944
  CA   — AUC: 0.8101  AUPRC: 0.3153  Brier: 0.1541  Acc: 0.7685  F1: 0.2985  (best ep=10)
  RN1D — AUC: 0.7715  AUPRC: 0.3160  Brier: 0.1460  Acc: 0.8030  F1: 0.3939  (best ep=159)

── Fold 4/5 ──────────────────────────────
  LR   — AUC: 0.7893  AUPRC: 0.4041  Brier: 0.1881  Acc: 0.7143  F1: 0.3556
  CA   — AUC: 0.8493  AUPRC: 0.5166  Brier: 0.2292  Acc: 0.6108  F1: 0.3248  (best ep=7)
  RN1D — AUC: 0.8373  AUPRC: 0.5746  Brier: 0.1814  Acc: 0.6897  F1: 0.3636  (best ep=134)

── Fold 5/5 ──────────────────────────────
  LR   — AUC: 0.8109  AUPRC: 0.3878  Brier: 0.1734  Acc: 0.7685  F1: 0.4051
  CA   — AUC: 0.8240  AUPRC: 0.3460  Brier: 0.1787  Acc: 0.7586  F1: 0.4096  (best ep=16)
  RN1D — AUC: 0.8461  AUPRC: 0.3292  Brier: 0.1553  Acc: 0.8276  F1: 0.5205  (best ep=136)

===========================================================================
LR  —  5-Fold CV Summary
===========================================================================
  Fold      AUC-ROC      AUPRC      Brier   Accuracy         F1
  ----------------------------------------------------------
  1          0.8047     0.4232     0.1639     0.7647     0.3846
  2          0.8104     0.3536     0.1588     0.7734     0.3947
  3          0.8209     0.3110     0.1573     0.7882     0.3944
  4          0.7893     0.4041     0.1881     0.7143     0.3556
  5          0.8109     0.3878     0.1734     0.7685     0.4051
  ──────────────────────────────────────────────────────────
  Mean       0.8072     0.3759     0.1683     0.7618     0.3869
  ±Std       0.0104     0.0397     0.0114     0.0251     0.0169

===========================================================================
CrossAttn  —  5-Fold CV Summary
===========================================================================
  Fold      AUC-ROC      AUPRC      Brier   Accuracy         F1
  ----------------------------------------------------------
  1          0.8347     0.4117     0.1742     0.7304     0.3956
  2          0.8639     0.4690     0.1675     0.7438     0.4091
  3          0.8101     0.3153     0.1541     0.7685     0.2985
  4          0.8493     0.5166     0.2292     0.6108     0.3248
  5          0.8240     0.3460     0.1787     0.7586     0.4096
  ──────────────────────────────────────────────────────────
  Mean       0.8364     0.4117     0.1807     0.7224     0.3675
  ±Std       0.0188     0.0747     0.0256     0.0573     0.0466

===========================================================================
ResNet1D  —  5-Fold CV Summary
===========================================================================
  Fold      AUC-ROC      AUPRC      Brier   Accuracy         F1
  ----------------------------------------------------------
  1          0.8489     0.4809     0.1434     0.8088     0.4800
  2          0.8182     0.4324     0.1551     0.7734     0.3784
  3          0.7715     0.3160     0.1460     0.8030     0.3939
  4          0.8373     0.5746     0.1814     0.6897     0.3636
  5          0.8461     0.3292     0.1553     0.8276     0.5205
  ──────────────────────────────────────────────────────────
  Mean       0.8244     0.4266     0.1562     0.7805     0.4273
  ±Std       0.0285     0.0966     0.0134     0.0486     0.0617

=================================================================
  Statistical Comparison: [LR]  vs  [CrossAttn]
  Paired t-test + Wilcoxon signed-rank  (n=5 folds)
  Δ Mean = CrossAttn − LR  (양수 → CrossAttn가 우세)
=================================================================
  Metric          Mean1    Mean2    Δ Mean   t-stat      t p-val      W p-val     
  -----------------------------------------------------------------------
  AUC-ROC        0.8072   0.8364   +0.0291   -2.235     8.91e-02     1.25e-01    †
  AUPRC          0.3759   0.4117   +0.0358   -1.093     3.36e-01     6.25e-01     
  Brier          0.1683   0.1807   +0.0124   -1.649     1.75e-01     1.25e-01     
  Accuracy       0.7618   0.7224   -0.0394    2.377     7.62e-02     6.25e-02    †
  F1             0.3869   0.3675   -0.0193    0.932     4.04e-01     8.12e-01     
  ───────────────────────────────────────────────────────────────────────
  *** p<0.001  ** p<0.01  * p<0.05  † p<0.10
  주의: n=5 folds — 검정력이 낮으므로 방향성(Δ) 참고 병행 권장

=======================================================
CrossAttn Test Evaluation  (scale_clin=True, scale_aec=True)
=======================================================

Logistic Regression — Test Set (Overall):
  AUC: 0.7313  AUPRC: 0.2808  Brier: 0.1767  Acc: 0.7529  F1: 0.2921

Logistic Regression — Test Set (By Sex):
  [M] n=97  AUC: 0.7608  AUPRC: 0.3967  Brier: 0.2268  Acc: 0.6804  F1: 0.3922
              precision    recall  f1-score   support

      Normal       0.93      0.67      0.78        83
  Sarcopenia       0.27      0.71      0.39        14

    accuracy                           0.68        97
   macro avg       0.60      0.69      0.59        97
weighted avg       0.84      0.68      0.73        97

  [F] n=158  AUC: 0.6764  AUPRC: 0.1632  Brier: 0.1459  Acc: 0.7975  F1: 0.1579
              precision    recall  f1-score   support

      Normal       0.92      0.85      0.88       145
  Sarcopenia       0.12      0.23      0.16        13

    accuracy                           0.80       158
   macro avg       0.52      0.54      0.52       158
weighted avg       0.86      0.80      0.83       158

CrossAttn — training final model for 10 epochs on full CV set …

CrossAttn — Test Set (Overall):
  AUC: 0.7640  AUPRC: 0.2844  Brier: 0.1326  Acc: 0.8078  F1: 0.3797

CrossAttn — Test Set (By Sex):
  [M] n=97  AUC: 0.7737  AUPRC: 0.3579  Brier: 0.1810  Acc: 0.7113  F1: 0.4400
              precision    recall  f1-score   support

      Normal       0.95      0.70      0.81        83
  Sarcopenia       0.31      0.79      0.44        14

    accuracy                           0.71        97
   macro avg       0.63      0.74      0.62        97
weighted avg       0.86      0.71      0.75        97

  [F] n=158  AUC: 0.7247  AUPRC: 0.2061  Brier: 0.1029  Acc: 0.8671  F1: 0.2759
              precision    recall  f1-score   support

      Normal       0.94      0.92      0.93       145
  Sarcopenia       0.25      0.31      0.28        13

    accuracy                           0.87       158
   macro avg       0.59      0.61      0.60       158
weighted avg       0.88      0.87      0.87       158

ResNet1D — training final model for 136 epochs on full CV set …

ResNet1D — Test Set (Overall):
  AUC: 0.7277  AUPRC: 0.2374  Brier: 0.1682  Acc: 0.7608  F1: 0.3297

ResNet1D — Test Set (By Sex):
  [M] n=97  AUC: 0.7642  AUPRC: 0.3294  Brier: 0.2162  Acc: 0.7010  F1: 0.4528
              precision    recall  f1-score   support

      Normal       0.97      0.67      0.79        83
  Sarcopenia       0.31      0.86      0.45        14

    accuracy                           0.70        97
   macro avg       0.64      0.77      0.62        97
weighted avg       0.87      0.70      0.75        97

  [F] n=158  AUC: 0.6164  AUPRC: 0.1334  Brier: 0.1386  Acc: 0.7975  F1: 0.1579
              precision    recall  f1-score   support

      Normal       0.92      0.85      0.88       145
  Sarcopenia       0.12      0.23      0.16        13

    accuracy                           0.80       158
   macro avg       0.52      0.54      0.52       158
weighted avg       0.86      0.80      0.83       158


───────────────────────────────────────────────────────
Test Set — Bootstrap CI & DeLong Comparison
───────────────────────────────────────────────────────

  Bootstrap 95% CI — LR  (n_boot=2000)
  Metric         Estimate   95% CI Lower   95% CI Upper
  ----------------------------------------------------
  AUC-ROC          0.7313         0.6379         0.8195
  AUPRC            0.2808         0.1524         0.4373
  Brier            0.1767         0.1489         0.2046
  Accuracy         0.7529         0.7020         0.8078
  F1               0.2921         0.1647         0.4167

  Bootstrap 95% CI — CrossAttn  (n_boot=2000)
  Metric         Estimate   95% CI Lower   95% CI Upper
  ----------------------------------------------------
  AUC-ROC          0.7640         0.6694         0.8467
  AUPRC            0.2844         0.1774         0.4748
  Brier            0.1326         0.1091         0.1589
  Accuracy         0.8078         0.7608         0.8549
  F1               0.3797         0.2500         0.5128

  Bootstrap 95% CI — ResNet1D  (n_boot=2000)
  Metric         Estimate   95% CI Lower   95% CI Upper
  ----------------------------------------------------
  AUC-ROC          0.7277         0.6346         0.8136
  AUPRC            0.2374         0.1420         0.3880
  Brier            0.1682         0.1369         0.2000
  Accuracy         0.7608         0.7098         0.8118
  F1               0.3297         0.2078         0.4510

  DeLong Test (ROC AUC)  [LR] vs [CrossAttn]  (paired, 동일 test set)
  AUC(LR)=0.7313  AUC(CrossAttn)=0.7640  Δ=+0.0327  z=-1.134  p=2.5680e-01  ns
  *** p<0.001  ** p<0.01  * p<0.05  † p<0.10  ns p≥0.10

  DeLong Test (ROC AUC)  [LR] vs [ResNet1D]  (paired, 동일 test set)
  AUC(LR)=0.7313  AUC(ResNet1D)=0.7277  Δ=-0.0036  z=0.127  p=8.9900e-01  ns
  *** p<0.001  ** p<0.01  * p<0.05  † p<0.10  ns p≥0.10

  DeLong Test (ROC AUC)  [CrossAttn] vs [ResNet1D]  (paired, 동일 test set)
  AUC(CrossAttn)=0.7640  AUC(ResNet1D)=0.7277  Δ=-0.0362  z=1.951  p=5.1049e-02  †
  *** p<0.001  ** p<0.01  * p<0.05  † p<0.10  ns p≥0.10

Saved (model 2 (crop80)):
  연구코드/results/0522/model_2\crop80\scale_both/data_distribution.png
  연구코드/results/0522/model_2\crop80\scale_both/cv_roc_curves.png
  연구코드/results/0522/model_2\crop80\scale_both/cv_metric_distribution.png
  연구코드/results/0522/model_2\crop80\scale_both/training_curves.png
  연구코드/results/0522/model_2\crop80\scale_both/test_roc_curves.png
  연구코드/results/0522/model_2\crop80\scale_both/test_roc_by_sex.png
  연구코드/results/0522/model_2\crop80\scale_both/confusion_matrices.png
  연구코드/results/0522/model_2\crop80\scale_both/calibration.png
  연구코드/results/0522/model_2\crop80\scale_both/results.md

############################################################
  [M2 crop60] CASE : scale_clinic  (scale_clinic=True, scale_aec=False)
############################################################
=======================================================
5-Fold CV  [CrossAttn | scale_clin=True, scale_aec=False]
=======================================================

── Fold 1/5 ──────────────────────────────
  LR   — AUC: 0.7677  AUPRC: 0.2492  Brier: 0.1764  Acc: 0.7696  F1: 0.3733
  CA   — AUC: 0.8412  AUPRC: 0.4507  Brier: 0.1903  Acc: 0.7108  F1: 0.3656  (best ep=37)
  RN1D — AUC: 0.7225  AUPRC: 0.2401  Brier: 0.2319  Acc: 0.6667  F1: 0.2917  (best ep=32)

── Fold 2/5 ──────────────────────────────
  LR   — AUC: 0.6411  AUPRC: 0.1677  Brier: 0.1814  Acc: 0.7635  F1: 0.2500
  CA   — AUC: 0.8626  AUPRC: 0.4977  Brier: 0.1527  Acc: 0.7586  F1: 0.4368  (best ep=60)
  RN1D — AUC: 0.7278  AUPRC: 0.2643  Brier: 0.2375  Acc: 0.6305  F1: 0.3119  (best ep=30)

── Fold 3/5 ──────────────────────────────
  LR   — AUC: 0.7823  AUPRC: 0.2600  Brier: 0.1760  Acc: 0.7488  F1: 0.3544
  CA   — AUC: 0.8212  AUPRC: 0.3646  Brier: 0.1581  Acc: 0.7586  F1: 0.3797  (best ep=7)
  RN1D — AUC: 0.6690  AUPRC: 0.2284  Brier: 0.2198  Acc: 0.5419  F1: 0.2560  (best ep=3)

── Fold 4/5 ──────────────────────────────
  LR   — AUC: 0.6655  AUPRC: 0.2916  Brier: 0.1767  Acc: 0.7586  F1: 0.3288
  CA   — AUC: 0.8413  AUPRC: 0.4809  Brier: 0.2286  Acc: 0.6453  F1: 0.3333  (best ep=15)
  RN1D — AUC: 0.6195  AUPRC: 0.1907  Brier: 0.2323  Acc: 0.5369  F1: 0.2167  (best ep=109)

── Fold 5/5 ──────────────────────────────
  LR   — AUC: 0.5917  AUPRC: 0.2201  Brier: 0.2263  Acc: 0.6798  F1: 0.2529
  CA   — AUC: 0.8310  AUPRC: 0.3543  Brier: 0.2457  Acc: 0.6059  F1: 0.3220  (best ep=4)
  RN1D — AUC: 0.5779  AUPRC: 0.1837  Brier: 0.2172  Acc: 0.6010  F1: 0.2136  (best ep=20)

===========================================================================
LR  —  5-Fold CV Summary
===========================================================================
  Fold      AUC-ROC      AUPRC      Brier   Accuracy         F1
  ----------------------------------------------------------
  1          0.7677     0.2492     0.1764     0.7696     0.3733
  2          0.6411     0.1677     0.1814     0.7635     0.2500
  3          0.7823     0.2600     0.1760     0.7488     0.3544
  4          0.6655     0.2916     0.1767     0.7586     0.3288
  5          0.5917     0.2201     0.2263     0.6798     0.2529
  ──────────────────────────────────────────────────────────
  Mean       0.6897     0.2377     0.1874     0.7441     0.3119
  ±Std       0.0738     0.0418     0.0196     0.0328     0.0513

===========================================================================
CrossAttn  —  5-Fold CV Summary
===========================================================================
  Fold      AUC-ROC      AUPRC      Brier   Accuracy         F1
  ----------------------------------------------------------
  1          0.8412     0.4507     0.1903     0.7108     0.3656
  2          0.8626     0.4977     0.1527     0.7586     0.4368
  3          0.8212     0.3646     0.1581     0.7586     0.3797
  4          0.8413     0.4809     0.2286     0.6453     0.3333
  5          0.8310     0.3543     0.2457     0.6059     0.3220
  ──────────────────────────────────────────────────────────
  Mean       0.8395     0.4297     0.1951     0.6959     0.3675
  ±Std       0.0138     0.0593     0.0371     0.0612     0.0405

===========================================================================
ResNet1D  —  5-Fold CV Summary
===========================================================================
  Fold      AUC-ROC      AUPRC      Brier   Accuracy         F1
  ----------------------------------------------------------
  1          0.7225     0.2401     0.2319     0.6667     0.2917
  2          0.7278     0.2643     0.2375     0.6305     0.3119
  3          0.6690     0.2284     0.2198     0.5419     0.2560
  4          0.6195     0.1907     0.2323     0.5369     0.2167
  5          0.5779     0.1837     0.2172     0.6010     0.2136
  ──────────────────────────────────────────────────────────
  Mean       0.6633     0.2214     0.2277     0.5954     0.2580
  ±Std       0.0582     0.0303     0.0078     0.0503     0.0393

=================================================================
  Statistical Comparison: [LR]  vs  [CrossAttn]
  Paired t-test + Wilcoxon signed-rank  (n=5 folds)
  Δ Mean = CrossAttn − LR  (양수 → CrossAttn가 우세)
=================================================================
  Metric          Mean1    Mean2    Δ Mean   t-stat      t p-val      W p-val     
  -----------------------------------------------------------------------
  AUC-ROC        0.6897   0.8395   +0.1498   -3.747     2.00e-02     6.25e-02    *
  AUPRC          0.2377   0.4297   +0.1920   -4.946     7.79e-03     6.25e-02   **
  Brier          0.1874   0.1951   +0.0077   -0.539     6.19e-01     8.12e-01     
  Accuracy       0.7441   0.6959   -0.0482    2.130     1.00e-01     1.88e-01     
  F1             0.3119   0.3675   +0.0556   -1.575     1.90e-01     1.88e-01     
  ───────────────────────────────────────────────────────────────────────
  *** p<0.001  ** p<0.01  * p<0.05  † p<0.10
  주의: n=5 folds — 검정력이 낮으므로 방향성(Δ) 참고 병행 권장

=======================================================
CrossAttn Test Evaluation  (scale_clin=True, scale_aec=False)
=======================================================

Logistic Regression — Test Set (Overall):
  AUC: 0.6272  AUPRC: 0.2081  Brier: 0.2143  Acc: 0.6902  F1: 0.2330

Logistic Regression — Test Set (By Sex):
  [M] n=97  AUC: 0.6497  AUPRC: 0.3554  Brier: 0.2079  Acc: 0.6907  F1: 0.3182
              precision    recall  f1-score   support

      Normal       0.90      0.72      0.80        83
  Sarcopenia       0.23      0.50      0.32        14

    accuracy                           0.69        97
   macro avg       0.56      0.61      0.56        97
weighted avg       0.80      0.69      0.73        97

  [F] n=158  AUC: 0.6037  AUPRC: 0.1361  Brier: 0.2182  Acc: 0.6899  F1: 0.1695
              precision    recall  f1-score   support

      Normal       0.93      0.72      0.81       145
  Sarcopenia       0.11      0.38      0.17        13

    accuracy                           0.69       158
   macro avg       0.52      0.55      0.49       158
weighted avg       0.86      0.69      0.76       158

CrossAttn — training final model for 15 epochs on full CV set …

CrossAttn — Test Set (Overall):
  AUC: 0.7390  AUPRC: 0.2594  Brier: 0.1662  Acc: 0.7529  F1: 0.3077

CrossAttn — Test Set (By Sex):
  [M] n=97  AUC: 0.7367  AUPRC: 0.3164  Brier: 0.2251  Acc: 0.6392  F1: 0.3636
              precision    recall  f1-score   support

      Normal       0.93      0.63      0.75        83
  Sarcopenia       0.24      0.71      0.36        14

    accuracy                           0.64        97
   macro avg       0.59      0.67      0.56        97
weighted avg       0.83      0.64      0.69        97

  [F] n=158  AUC: 0.7151  AUPRC: 0.2367  Brier: 0.1300  Acc: 0.8228  F1: 0.2222
              precision    recall  f1-score   support

      Normal       0.93      0.87      0.90       145
  Sarcopenia       0.17      0.31      0.22        13

    accuracy                           0.82       158
   macro avg       0.55      0.59      0.56       158
weighted avg       0.87      0.82      0.84       158

ResNet1D — training final model for 30 epochs on full CV set …

ResNet1D — Test Set (Overall):
  AUC: 0.6030  AUPRC: 0.2024  Brier: 0.2483  Acc: 0.5294  F1: 0.2308

ResNet1D — Test Set (By Sex):
  [M] n=97  AUC: 0.6609  AUPRC: 0.4480  Brier: 0.2258  Acc: 0.6495  F1: 0.3462
              precision    recall  f1-score   support

      Normal       0.92      0.65      0.76        83
  Sarcopenia       0.24      0.64      0.35        14

    accuracy                           0.65        97
   macro avg       0.58      0.65      0.55        97
weighted avg       0.82      0.65      0.70        97

  [F] n=158  AUC: 0.5645  AUPRC: 0.1017  Brier: 0.2621  Acc: 0.4557  F1: 0.1731
              precision    recall  f1-score   support

      Normal       0.94      0.43      0.59       145
  Sarcopenia       0.10      0.69      0.17        13

    accuracy                           0.46       158
   macro avg       0.52      0.56      0.38       158
weighted avg       0.87      0.46      0.56       158


───────────────────────────────────────────────────────
Test Set — Bootstrap CI & DeLong Comparison
───────────────────────────────────────────────────────

  Bootstrap 95% CI — LR  (n_boot=2000)
  Metric         Estimate   95% CI Lower   95% CI Upper
  ----------------------------------------------------
  AUC-ROC          0.6272         0.5138         0.7286
  AUPRC            0.2081         0.1109         0.3705
  Brier            0.2143         0.1851         0.2435
  Accuracy         0.6902         0.6353         0.7451
  F1               0.2330         0.1237         0.3366

  Bootstrap 95% CI — CrossAttn  (n_boot=2000)
  Metric         Estimate   95% CI Lower   95% CI Upper
  ----------------------------------------------------
  AUC-ROC          0.7390         0.6428         0.8245
  AUPRC            0.2594         0.1508         0.4212
  Brier            0.1662         0.1388         0.1935
  Accuracy         0.7529         0.7020         0.8078
  F1               0.3077         0.1818         0.4304

  Bootstrap 95% CI — ResNet1D  (n_boot=2000)
  Metric         Estimate   95% CI Lower   95% CI Upper
  ----------------------------------------------------
  AUC-ROC          0.6030         0.4789         0.7268
  AUPRC            0.2024         0.1063         0.3765
  Brier            0.2483         0.2354         0.2605
  Accuracy         0.5294         0.4706         0.5922
  F1               0.2308         0.1408         0.3164

  DeLong Test (ROC AUC)  [LR] vs [CrossAttn]  (paired, 동일 test set)
  AUC(LR)=0.6272  AUC(CrossAttn)=0.7390  Δ=+0.1118  z=-2.029  p=4.2409e-02  *
  *** p<0.001  ** p<0.01  * p<0.05  † p<0.10  ns p≥0.10

  DeLong Test (ROC AUC)  [LR] vs [ResNet1D]  (paired, 동일 test set)
  AUC(LR)=0.6272  AUC(ResNet1D)=0.6030  Δ=-0.0242  z=0.338  p=7.3560e-01  ns
  *** p<0.001  ** p<0.01  * p<0.05  † p<0.10  ns p≥0.10

  DeLong Test (ROC AUC)  [CrossAttn] vs [ResNet1D]  (paired, 동일 test set)
  AUC(CrossAttn)=0.7390  AUC(ResNet1D)=0.6030  Δ=-0.1360  z=2.146  p=3.1863e-02  *
  *** p<0.001  ** p<0.01  * p<0.05  † p<0.10  ns p≥0.10

Saved (model 2 (crop60)):
  연구코드/results/0522/model_2\crop60\scale_clinic/data_distribution.png
  연구코드/results/0522/model_2\crop60\scale_clinic/cv_roc_curves.png
  연구코드/results/0522/model_2\crop60\scale_clinic/cv_metric_distribution.png
  연구코드/results/0522/model_2\crop60\scale_clinic/training_curves.png
  연구코드/results/0522/model_2\crop60\scale_clinic/test_roc_curves.png
  연구코드/results/0522/model_2\crop60\scale_clinic/test_roc_by_sex.png
  연구코드/results/0522/model_2\crop60\scale_clinic/confusion_matrices.png
  연구코드/results/0522/model_2\crop60\scale_clinic/calibration.png
  연구코드/results/0522/model_2\crop60\scale_clinic/results.md

############################################################
  [M2 crop60] CASE : scale_both  (scale_clinic=True, scale_aec=True)
############################################################
=======================================================
5-Fold CV  [CrossAttn | scale_clin=True, scale_aec=True]
=======================================================

── Fold 1/5 ──────────────────────────────
  LR   — AUC: 0.7955  AUPRC: 0.3945  Brier: 0.1654  Acc: 0.7549  F1: 0.3590
  CA   — AUC: 0.8452  AUPRC: 0.4758  Brier: 0.1188  Acc: 0.8235  F1: 0.4375  (best ep=12)
  RN1D — AUC: 0.8726  AUPRC: 0.4998  Brier: 0.1423  Acc: 0.7990  F1: 0.4533  (best ep=82)

── Fold 2/5 ──────────────────────────────
  LR   — AUC: 0.8066  AUPRC: 0.3403  Brier: 0.1599  Acc: 0.7931  F1: 0.4167
  CA   — AUC: 0.8893  AUPRC: 0.6117  Brier: 0.1689  Acc: 0.7192  F1: 0.4000  (best ep=17)
  RN1D — AUC: 0.8101  AUPRC: 0.4339  Brier: 0.1409  Acc: 0.7833  F1: 0.4054  (best ep=80)

── Fold 3/5 ──────────────────────────────
  LR   — AUC: 0.8343  AUPRC: 0.3084  Brier: 0.1584  Acc: 0.7734  F1: 0.3784
  CA   — AUC: 0.8159  AUPRC: 0.3731  Brier: 0.1335  Acc: 0.8227  F1: 0.4545  (best ep=9)
  RN1D — AUC: 0.7685  AUPRC: 0.3071  Brier: 0.1390  Acc: 0.8128  F1: 0.3448  (best ep=73)

── Fold 4/5 ──────────────────────────────
  LR   — AUC: 0.8144  AUPRC: 0.4251  Brier: 0.1881  Acc: 0.7094  F1: 0.3656
  CA   — AUC: 0.8506  AUPRC: 0.5819  Brier: 0.1707  Acc: 0.7340  F1: 0.4130  (best ep=18)
  RN1D — AUC: 0.8488  AUPRC: 0.5855  Brier: 0.2013  Acc: 0.6798  F1: 0.3689  (best ep=90)

── Fold 5/5 ──────────────────────────────
  LR   — AUC: 0.8021  AUPRC: 0.3915  Brier: 0.1769  Acc: 0.7635  F1: 0.4000
  CA   — AUC: 0.8425  AUPRC: 0.3639  Brier: 0.1689  Acc: 0.7635  F1: 0.4286  (best ep=10)
  RN1D — AUC: 0.8365  AUPRC: 0.3492  Brier: 0.1358  Acc: 0.8276  F1: 0.5070  (best ep=71)

===========================================================================
LR  —  5-Fold CV Summary
===========================================================================
  Fold      AUC-ROC      AUPRC      Brier   Accuracy         F1
  ----------------------------------------------------------
  1          0.7955     0.3945     0.1654     0.7549     0.3590
  2          0.8066     0.3403     0.1599     0.7931     0.4167
  3          0.8343     0.3084     0.1584     0.7734     0.3784
  4          0.8144     0.4251     0.1881     0.7094     0.3656
  5          0.8021     0.3915     0.1769     0.7635     0.4000
  ──────────────────────────────────────────────────────────
  Mean       0.8106     0.3720     0.1697     0.7589     0.3839
  ±Std       0.0134     0.0419     0.0113     0.0278     0.0215

===========================================================================
CrossAttn  —  5-Fold CV Summary
===========================================================================
  Fold      AUC-ROC      AUPRC      Brier   Accuracy         F1
  ----------------------------------------------------------
  1          0.8452     0.4758     0.1188     0.8235     0.4375
  2          0.8893     0.6117     0.1689     0.7192     0.4000
  3          0.8159     0.3731     0.1335     0.8227     0.4545
  4          0.8506     0.5819     0.1707     0.7340     0.4130
  5          0.8425     0.3639     0.1689     0.7635     0.4286
  ──────────────────────────────────────────────────────────
  Mean       0.8487     0.4813     0.1522     0.7726     0.4267
  ±Std       0.0235     0.1026     0.0217     0.0436     0.0189

===========================================================================
ResNet1D  —  5-Fold CV Summary
===========================================================================
  Fold      AUC-ROC      AUPRC      Brier   Accuracy         F1
  ----------------------------------------------------------
  1          0.8726     0.4998     0.1423     0.7990     0.4533
  2          0.8101     0.4339     0.1409     0.7833     0.4054
  3          0.7685     0.3071     0.1390     0.8128     0.3448
  4          0.8488     0.5855     0.2013     0.6798     0.3689
  5          0.8365     0.3492     0.1358     0.8276     0.5070
  ──────────────────────────────────────────────────────────
  Mean       0.8273     0.4351     0.1519     0.7805     0.4159
  ±Std       0.0357     0.1006     0.0248     0.0524     0.0584

=================================================================
  Statistical Comparison: [LR]  vs  [CrossAttn]
  Paired t-test + Wilcoxon signed-rank  (n=5 folds)
  Δ Mean = CrossAttn − LR  (양수 → CrossAttn가 우세)
=================================================================
  Metric          Mean1    Mean2    Δ Mean   t-stat      t p-val      W p-val     
  -----------------------------------------------------------------------
  AUC-ROC        0.8106   0.8487   +0.0381   -2.339     7.95e-02     1.25e-01    †
  AUPRC          0.3720   0.4813   +0.1093   -2.186     9.42e-02     1.25e-01    †
  Brier          0.1697   0.1522   -0.0176    1.912     1.28e-01     1.88e-01     
  Accuracy       0.7589   0.7726   +0.0137   -0.554     6.09e-01     8.75e-01     
  F1             0.3839   0.4267   +0.0428   -2.441     7.11e-02     1.25e-01    †
  ───────────────────────────────────────────────────────────────────────
  *** p<0.001  ** p<0.01  * p<0.05  † p<0.10
  주의: n=5 folds — 검정력이 낮으므로 방향성(Δ) 참고 병행 권장

=======================================================
CrossAttn Test Evaluation  (scale_clin=True, scale_aec=True)
=======================================================

Logistic Regression — Test Set (Overall):
  AUC: 0.7471  AUPRC: 0.2466  Brier: 0.1775  Acc: 0.7529  F1: 0.2759

Logistic Regression — Test Set (By Sex):
  [M] n=97  AUC: 0.7608  AUPRC: 0.3303  Brier: 0.2309  Acc: 0.6804  F1: 0.3922
              precision    recall  f1-score   support

      Normal       0.93      0.67      0.78        83
  Sarcopenia       0.27      0.71      0.39        14

    accuracy                           0.68        97
   macro avg       0.60      0.69      0.59        97
weighted avg       0.84      0.68      0.73        97

  [F] n=158  AUC: 0.7066  AUPRC: 0.1543  Brier: 0.1448  Acc: 0.7975  F1: 0.1111
              precision    recall  f1-score   support

      Normal       0.92      0.86      0.89       145
  Sarcopenia       0.09      0.15      0.11        13

    accuracy                           0.80       158
   macro avg       0.50      0.50      0.50       158
weighted avg       0.85      0.80      0.82       158

CrossAttn — training final model for 12 epochs on full CV set …

CrossAttn — Test Set (Overall):
  AUC: 0.7318  AUPRC: 0.2520  Brier: 0.1673  Acc: 0.7569  F1: 0.3261

CrossAttn — Test Set (By Sex):
  [M] n=97  AUC: 0.7401  AUPRC: 0.3350  Brier: 0.2186  Acc: 0.6392  F1: 0.3636
              precision    recall  f1-score   support

      Normal       0.93      0.63      0.75        83
  Sarcopenia       0.24      0.71      0.36        14

    accuracy                           0.64        97
   macro avg       0.59      0.67      0.56        97
weighted avg       0.83      0.64      0.69        97

  [F] n=158  AUC: 0.7162  AUPRC: 0.1792  Brier: 0.1358  Acc: 0.8291  F1: 0.2703
              precision    recall  f1-score   support

      Normal       0.94      0.87      0.90       145
  Sarcopenia       0.21      0.38      0.27        13

    accuracy                           0.83       158
   macro avg       0.57      0.63      0.59       158
weighted avg       0.88      0.83      0.85       158

ResNet1D — training final model for 80 epochs on full CV set …

ResNet1D — Test Set (Overall):
  AUC: 0.7273  AUPRC: 0.2194  Brier: 0.2027  Acc: 0.7216  F1: 0.3486

ResNet1D — Test Set (By Sex):
  [M] n=97  AUC: 0.7238  AUPRC: 0.2802  Brier: 0.2578  Acc: 0.6289  F1: 0.3793
              precision    recall  f1-score   support

      Normal       0.94      0.60      0.74        83
  Sarcopenia       0.25      0.79      0.38        14

    accuracy                           0.63        97
   macro avg       0.60      0.69      0.56        97
weighted avg       0.84      0.63      0.68        97

  [F] n=158  AUC: 0.7103  AUPRC: 0.1611  Brier: 0.1689  Acc: 0.7785  F1: 0.3137
              precision    recall  f1-score   support

      Normal       0.96      0.79      0.87       145
  Sarcopenia       0.21      0.62      0.31        13

    accuracy                           0.78       158
   macro avg       0.58      0.70      0.59       158
weighted avg       0.90      0.78      0.82       158


───────────────────────────────────────────────────────
Test Set — Bootstrap CI & DeLong Comparison
───────────────────────────────────────────────────────

  Bootstrap 95% CI — LR  (n_boot=2000)
  Metric         Estimate   95% CI Lower   95% CI Upper
  ----------------------------------------------------
  AUC-ROC          0.7471         0.6580         0.8256
  AUPRC            0.2466         0.1501         0.4136
  Brier            0.1775         0.1515         0.2049
  Accuracy         0.7529         0.6980         0.8078
  F1               0.2759         0.1538         0.4000

  Bootstrap 95% CI — CrossAttn  (n_boot=2000)
  Metric         Estimate   95% CI Lower   95% CI Upper
  ----------------------------------------------------
  AUC-ROC          0.7318         0.6383         0.8164
  AUPRC            0.2520         0.1494         0.4085
  Brier            0.1673         0.1421         0.1922
  Accuracy         0.7569         0.7059         0.8118
  F1               0.3261         0.2000         0.4505

  Bootstrap 95% CI — ResNet1D  (n_boot=2000)
  Metric         Estimate   95% CI Lower   95% CI Upper
  ----------------------------------------------------
  AUC-ROC          0.7273         0.6310         0.8137
  AUPRC            0.2194         0.1365         0.3719
  Brier            0.2027         0.1701         0.2369
  Accuracy         0.7216         0.6667         0.7765
  F1               0.3486         0.2292         0.4643

  DeLong Test (ROC AUC)  [LR] vs [CrossAttn]  (paired, 동일 test set)
  AUC(LR)=0.7471  AUC(CrossAttn)=0.7318  Δ=-0.0153  z=0.560  p=5.7521e-01  ns
  *** p<0.001  ** p<0.01  * p<0.05  † p<0.10  ns p≥0.10

  DeLong Test (ROC AUC)  [LR] vs [ResNet1D]  (paired, 동일 test set)
  AUC(LR)=0.7471  AUC(ResNet1D)=0.7273  Δ=-0.0198  z=0.667  p=5.0488e-01  ns
  *** p<0.001  ** p<0.01  * p<0.05  † p<0.10  ns p≥0.10

  DeLong Test (ROC AUC)  [CrossAttn] vs [ResNet1D]  (paired, 동일 test set)
  AUC(CrossAttn)=0.7318  AUC(ResNet1D)=0.7273  Δ=-0.0045  z=0.157  p=8.7491e-01  ns
  *** p<0.001  ** p<0.01  * p<0.05  † p<0.10  ns p≥0.10

Saved (model 2 (crop60)):
  연구코드/results/0522/model_2\crop60\scale_both/data_distribution.png
  연구코드/results/0522/model_2\crop60\scale_both/cv_roc_curves.png
  연구코드/results/0522/model_2\crop60\scale_both/cv_metric_distribution.png
  연구코드/results/0522/model_2\crop60\scale_both/training_curves.png
  연구코드/results/0522/model_2\crop60\scale_both/test_roc_curves.png
  연구코드/results/0522/model_2\crop60\scale_both/test_roc_by_sex.png
  연구코드/results/0522/model_2\crop60\scale_both/confusion_matrices.png
  연구코드/results/0522/model_2\crop60\scale_both/calibration.png
  연구코드/results/0522/model_2\crop60\scale_both/results.md

############################################################
  [M2 norm] CASE : scale_clinic  (scale_clinic=True, scale_aec=False)
############################################################
=======================================================
5-Fold CV  [CrossAttn | scale_clin=True, scale_aec=False]
=======================================================

── Fold 1/5 ──────────────────────────────
  LR   — AUC: 0.7737  AUPRC: 0.4108  Brier: 0.1688  Acc: 0.7598  F1: 0.3797
  CA   — AUC: 0.8262  AUPRC: 0.4416  Brier: 0.1235  Acc: 0.8284  F1: 0.4776  (best ep=107)
  RN1D — AUC: 0.7942  AUPRC: 0.3620  Brier: 0.1922  Acc: 0.6667  F1: 0.3200  (best ep=78)

── Fold 2/5 ──────────────────────────────
  LR   — AUC: 0.8094  AUPRC: 0.3242  Brier: 0.1571  Acc: 0.7882  F1: 0.4267
  CA   — AUC: 0.8672  AUPRC: 0.4956  Brier: 0.1305  Acc: 0.8276  F1: 0.4776  (best ep=3)
  RN1D — AUC: 0.8373  AUPRC: 0.4570  Brier: 0.2089  Acc: 0.6256  F1: 0.3333  (best ep=69)

── Fold 3/5 ──────────────────────────────
  LR   — AUC: 0.7755  AUPRC: 0.2818  Brier: 0.1616  Acc: 0.7635  F1: 0.3684
  CA   — AUC: 0.8335  AUPRC: 0.3453  Brier: 0.1846  Acc: 0.7143  F1: 0.3696  (best ep=1)
  RN1D — AUC: 0.7474  AUPRC: 0.2440  Brier: 0.2398  Acc: 0.6749  F1: 0.3400  (best ep=44)

── Fold 4/5 ──────────────────────────────
  LR   — AUC: 0.7722  AUPRC: 0.3128  Brier: 0.1764  Acc: 0.7488  F1: 0.3704
  CA   — AUC: 0.8732  AUPRC: 0.5755  Brier: 0.1776  Acc: 0.7931  F1: 0.4615  (best ep=26)
  RN1D — AUC: 0.8134  AUPRC: 0.4515  Brier: 0.1744  Acc: 0.7734  F1: 0.4390  (best ep=65)

── Fold 5/5 ──────────────────────────────
  LR   — AUC: 0.7677  AUPRC: 0.3368  Brier: 0.1761  Acc: 0.7635  F1: 0.3684
  CA   — AUC: 0.8566  AUPRC: 0.3838  Brier: 0.1644  Acc: 0.7931  F1: 0.4878  (best ep=2)
  RN1D — AUC: 0.8438  AUPRC: 0.3745  Brier: 0.1814  Acc: 0.8177  F1: 0.4638  (best ep=69)

===========================================================================
LR  —  5-Fold CV Summary
===========================================================================
  Fold      AUC-ROC      AUPRC      Brier   Accuracy         F1
  ----------------------------------------------------------
  1          0.7737     0.4108     0.1688     0.7598     0.3797
  2          0.8094     0.3242     0.1571     0.7882     0.4267
  3          0.7755     0.2818     0.1616     0.7635     0.3684
  4          0.7722     0.3128     0.1764     0.7488     0.3704
  5          0.7677     0.3368     0.1761     0.7635     0.3684
  ──────────────────────────────────────────────────────────
  Mean       0.7797     0.3333     0.1680     0.7648     0.3827
  ±Std       0.0151     0.0428     0.0077     0.0129     0.0224

===========================================================================
CrossAttn  —  5-Fold CV Summary
===========================================================================
  Fold      AUC-ROC      AUPRC      Brier   Accuracy         F1
  ----------------------------------------------------------
  1          0.8262     0.4416     0.1235     0.8284     0.4776
  2          0.8672     0.4956     0.1305     0.8276     0.4776
  3          0.8335     0.3453     0.1846     0.7143     0.3696
  4          0.8732     0.5755     0.1776     0.7931     0.4615
  5          0.8566     0.3838     0.1644     0.7931     0.4878
  ──────────────────────────────────────────────────────────
  Mean       0.8513     0.4483     0.1561     0.7913     0.4548
  ±Std       0.0185     0.0815     0.0248     0.0416     0.0435

===========================================================================
ResNet1D  —  5-Fold CV Summary
===========================================================================
  Fold      AUC-ROC      AUPRC      Brier   Accuracy         F1
  ----------------------------------------------------------
  1          0.7942     0.3620     0.1922     0.6667     0.3200
  2          0.8373     0.4570     0.2089     0.6256     0.3333
  3          0.7474     0.2440     0.2398     0.6749     0.3400
  4          0.8134     0.4515     0.1744     0.7734     0.4390
  5          0.8438     0.3745     0.1814     0.8177     0.4638
  ──────────────────────────────────────────────────────────
  Mean       0.8072     0.3778     0.1993     0.7117     0.3792
  ±Std       0.0347     0.0773     0.0233     0.0719     0.0598

=================================================================
  Statistical Comparison: [LR]  vs  [CrossAttn]
  Paired t-test + Wilcoxon signed-rank  (n=5 folds)
  Δ Mean = CrossAttn − LR  (양수 → CrossAttn가 우세)
=================================================================
  Metric          Mean1    Mean2    Δ Mean   t-stat      t p-val      W p-val     
  -----------------------------------------------------------------------
  AUC-ROC        0.7797   0.8513   +0.0716   -7.340     1.83e-03     6.25e-02   **
  AUPRC          0.3333   0.4483   +0.1151   -2.594     6.04e-02     6.25e-02    †
  Brier          0.1680   0.1561   -0.0119    1.019     3.66e-01     4.38e-01     
  Accuracy       0.7648   0.7913   +0.0265   -1.326     2.56e-01     4.38e-01     
  F1             0.3827   0.4548   +0.0721   -3.448     2.61e-02     6.25e-02    *
  ───────────────────────────────────────────────────────────────────────
  *** p<0.001  ** p<0.01  * p<0.05  † p<0.10
  주의: n=5 folds — 검정력이 낮으므로 방향성(Δ) 참고 병행 권장

=======================================================
CrossAttn Test Evaluation  (scale_clin=True, scale_aec=False)
=======================================================

Logistic Regression — Test Set (Overall):
  AUC: 0.7050  AUPRC: 0.2144  Brier: 0.1743  Acc: 0.7686  F1: 0.2892

Logistic Regression — Test Set (By Sex):
  [M] n=97  AUC: 0.7005  AUPRC: 0.2592  Brier: 0.2343  Acc: 0.6701  F1: 0.3600
              precision    recall  f1-score   support

      Normal       0.92      0.67      0.78        83
  Sarcopenia       0.25      0.64      0.36        14

    accuracy                           0.67        97
   macro avg       0.58      0.66      0.57        97
weighted avg       0.82      0.67      0.72        97

  [F] n=158  AUC: 0.6769  AUPRC: 0.2097  Brier: 0.1375  Acc: 0.8291  F1: 0.1818
              precision    recall  f1-score   support

      Normal       0.93      0.88      0.90       145
  Sarcopenia       0.15      0.23      0.18        13

    accuracy                           0.83       158
   macro avg       0.54      0.56      0.54       158
weighted avg       0.86      0.83      0.85       158

CrossAttn — training final model for 3 epochs on full CV set …

CrossAttn — Test Set (Overall):
  AUC: 0.7773  AUPRC: 0.2606  Brier: 0.2207  Acc: 0.6549  F1: 0.3231

CrossAttn — Test Set (By Sex):
  [M] n=97  AUC: 0.7814  AUPRC: 0.3183  Brier: 0.2978  Acc: 0.5567  F1: 0.3768
              precision    recall  f1-score   support

      Normal       0.98      0.49      0.66        83
  Sarcopenia       0.24      0.93      0.38        14

    accuracy                           0.56        97
   macro avg       0.61      0.71      0.52        97
weighted avg       0.87      0.56      0.62        97

  [F] n=158  AUC: 0.7475  AUPRC: 0.1750  Brier: 0.1734  Acc: 0.7152  F1: 0.2623
              precision    recall  f1-score   support

      Normal       0.95      0.72      0.82       145
  Sarcopenia       0.17      0.62      0.26        13

    accuracy                           0.72       158
   macro avg       0.56      0.67      0.54       158
weighted avg       0.89      0.72      0.78       158

ResNet1D — training final model for 69 epochs on full CV set …

ResNet1D — Test Set (Overall):
  AUC: 0.7170  AUPRC: 0.2371  Brier: 0.1663  Acc: 0.7608  F1: 0.2824

ResNet1D — Test Set (By Sex):
  [M] n=97  AUC: 0.7229  AUPRC: 0.3178  Brier: 0.2206  Acc: 0.6701  F1: 0.3846
              precision    recall  f1-score   support

      Normal       0.93      0.66      0.77        83
  Sarcopenia       0.26      0.71      0.38        14

    accuracy                           0.67        97
   macro avg       0.60      0.69      0.58        97
weighted avg       0.84      0.67      0.72        97

  [F] n=158  AUC: 0.6700  AUPRC: 0.1458  Brier: 0.1330  Acc: 0.8165  F1: 0.1212
              precision    recall  f1-score   support

      Normal       0.92      0.88      0.90       145
  Sarcopenia       0.10      0.15      0.12        13

    accuracy                           0.82       158
   macro avg       0.51      0.51      0.51       158
weighted avg       0.85      0.82      0.83       158


───────────────────────────────────────────────────────
Test Set — Bootstrap CI & DeLong Comparison
───────────────────────────────────────────────────────

  Bootstrap 95% CI — LR  (n_boot=2000)
  Metric         Estimate   95% CI Lower   95% CI Upper
  ----------------------------------------------------
  AUC-ROC          0.7050         0.6028         0.8011
  AUPRC            0.2144         0.1314         0.3814
  Brier            0.1743         0.1468         0.2034
  Accuracy         0.7686         0.7176         0.8196
  F1               0.2892         0.1562         0.4138

  Bootstrap 95% CI — CrossAttn  (n_boot=2000)
  Metric         Estimate   95% CI Lower   95% CI Upper
  ----------------------------------------------------
  AUC-ROC          0.7773         0.7012         0.8508
  AUPRC            0.2606         0.1645         0.4340
  Brier            0.2207         0.1904         0.2505
  Accuracy         0.6549         0.5961         0.7137
  F1               0.3231         0.2157         0.4242

  Bootstrap 95% CI — ResNet1D  (n_boot=2000)
  Metric         Estimate   95% CI Lower   95% CI Upper
  ----------------------------------------------------
  AUC-ROC          0.7170         0.6187         0.8093
  AUPRC            0.2371         0.1382         0.3919
  Brier            0.1663         0.1390         0.1932
  Accuracy         0.7608         0.7098         0.8118
  F1               0.2824         0.1538         0.4048

  DeLong Test (ROC AUC)  [LR] vs [CrossAttn]  (paired, 동일 test set)
  AUC(LR)=0.7050  AUC(CrossAttn)=0.7773  Δ=+0.0723  z=-1.847  p=6.4758e-02  †
  *** p<0.001  ** p<0.01  * p<0.05  † p<0.10  ns p≥0.10

  DeLong Test (ROC AUC)  [LR] vs [ResNet1D]  (paired, 동일 test set)
  AUC(LR)=0.7050  AUC(ResNet1D)=0.7170  Δ=+0.0120  z=-0.282  p=7.7829e-01  ns
  *** p<0.001  ** p<0.01  * p<0.05  † p<0.10  ns p≥0.10

  DeLong Test (ROC AUC)  [CrossAttn] vs [ResNet1D]  (paired, 동일 test set)
  AUC(CrossAttn)=0.7773  AUC(ResNet1D)=0.7170  Δ=-0.0603  z=2.130  p=3.3190e-02  *
  *** p<0.001  ** p<0.01  * p<0.05  † p<0.10  ns p≥0.10

Saved (model 2 (norm)):
  연구코드/results/0522/model_2\norm\scale_clinic/data_distribution.png
  연구코드/results/0522/model_2\norm\scale_clinic/cv_roc_curves.png
  연구코드/results/0522/model_2\norm\scale_clinic/cv_metric_distribution.png
  연구코드/results/0522/model_2\norm\scale_clinic/training_curves.png
  연구코드/results/0522/model_2\norm\scale_clinic/test_roc_curves.png
  연구코드/results/0522/model_2\norm\scale_clinic/test_roc_by_sex.png
  연구코드/results/0522/model_2\norm\scale_clinic/confusion_matrices.png
  연구코드/results/0522/model_2\norm\scale_clinic/calibration.png
  연구코드/results/0522/model_2\norm\scale_clinic/results.md

############################################################
  [M2 norm] CASE : scale_both  (scale_clinic=True, scale_aec=True)
############################################################
=======================================================
5-Fold CV  [CrossAttn | scale_clin=True, scale_aec=True]
=======================================================

── Fold 1/5 ──────────────────────────────
  LR   — AUC: 0.7585  AUPRC: 0.3812  Brier: 0.1731  Acc: 0.7402  F1: 0.3457
  CA   — AUC: 0.8329  AUPRC: 0.4418  Brier: 0.1689  Acc: 0.7647  F1: 0.4146  (best ep=67)
  RN1D — AUC: 0.8079  AUPRC: 0.4600  Brier: 0.2306  Acc: 0.6520  F1: 0.3364  (best ep=80)

── Fold 2/5 ──────────────────────────────
  LR   — AUC: 0.7901  AUPRC: 0.3062  Brier: 0.1571  Acc: 0.7734  F1: 0.3784
  CA   — AUC: 0.8689  AUPRC: 0.4827  Brier: 0.2284  Acc: 0.6305  F1: 0.3478  (best ep=3)
  RN1D — AUC: 0.8290  AUPRC: 0.4518  Brier: 0.1696  Acc: 0.7340  F1: 0.3864  (best ep=66)

── Fold 3/5 ──────────────────────────────
  LR   — AUC: 0.7582  AUPRC: 0.2777  Brier: 0.1636  Acc: 0.7537  F1: 0.3421
  CA   — AUC: 0.8209  AUPRC: 0.3161  Brier: 0.1608  Acc: 0.7635  F1: 0.3846  (best ep=4)
  RN1D — AUC: 0.7501  AUPRC: 0.2225  Brier: 0.1435  Acc: 0.8177  F1: 0.3019  (best ep=56)

── Fold 4/5 ──────────────────────────────
  LR   — AUC: 0.7524  AUPRC: 0.2752  Brier: 0.1771  Acc: 0.7635  F1: 0.3846
  CA   — AUC: 0.8446  AUPRC: 0.5144  Brier: 0.1675  Acc: 0.7783  F1: 0.4444  (best ep=6)
  RN1D — AUC: 0.8443  AUPRC: 0.4924  Brier: 0.1802  Acc: 0.7291  F1: 0.3956  (best ep=94)

── Fold 5/5 ──────────────────────────────
  LR   — AUC: 0.7343  AUPRC: 0.3074  Brier: 0.1796  Acc: 0.7586  F1: 0.3467
  CA   — AUC: 0.8461  AUPRC: 0.3764  Brier: 0.2367  Acc: 0.6749  F1: 0.3889  (best ep=12)
  RN1D — AUC: 0.8247  AUPRC: 0.2927  Brier: 0.1859  Acc: 0.7488  F1: 0.4000  (best ep=72)

===========================================================================
LR  —  5-Fold CV Summary
===========================================================================
  Fold      AUC-ROC      AUPRC      Brier   Accuracy         F1
  ----------------------------------------------------------
  1          0.7585     0.3812     0.1731     0.7402     0.3457
  2          0.7901     0.3062     0.1571     0.7734     0.3784
  3          0.7582     0.2777     0.1636     0.7537     0.3421
  4          0.7524     0.2752     0.1771     0.7635     0.3846
  5          0.7343     0.3074     0.1796     0.7586     0.3467
  ──────────────────────────────────────────────────────────
  Mean       0.7587     0.3095     0.1701     0.7579     0.3595
  ±Std       0.0180     0.0383     0.0085     0.0110     0.0181

===========================================================================
CrossAttn  —  5-Fold CV Summary
===========================================================================
  Fold      AUC-ROC      AUPRC      Brier   Accuracy         F1
  ----------------------------------------------------------
  1          0.8329     0.4418     0.1689     0.7647     0.4146
  2          0.8689     0.4827     0.2284     0.6305     0.3478
  3          0.8209     0.3161     0.1608     0.7635     0.3846
  4          0.8446     0.5144     0.1675     0.7783     0.4444
  5          0.8461     0.3764     0.2367     0.6749     0.3889
  ──────────────────────────────────────────────────────────
  Mean       0.8427     0.4263     0.1924     0.7224     0.3961
  ±Std       0.0159     0.0718     0.0330     0.0588     0.0322

===========================================================================
ResNet1D  —  5-Fold CV Summary
===========================================================================
  Fold      AUC-ROC      AUPRC      Brier   Accuracy         F1
  ----------------------------------------------------------
  1          0.8079     0.4600     0.2306     0.6520     0.3364
  2          0.8290     0.4518     0.1696     0.7340     0.3864
  3          0.7501     0.2225     0.1435     0.8177     0.3019
  4          0.8443     0.4924     0.1802     0.7291     0.3956
  5          0.8247     0.2927     0.1859     0.7488     0.4000
  ──────────────────────────────────────────────────────────
  Mean       0.8112     0.3839     0.1820     0.7363     0.3641
  ±Std       0.0327     0.1063     0.0284     0.0528     0.0385

=================================================================
  Statistical Comparison: [LR]  vs  [CrossAttn]
  Paired t-test + Wilcoxon signed-rank  (n=5 folds)
  Δ Mean = CrossAttn − LR  (양수 → CrossAttn가 우세)
=================================================================
  Metric          Mean1    Mean2    Δ Mean   t-stat      t p-val      W p-val     
  -----------------------------------------------------------------------
  AUC-ROC        0.7587   0.8427   +0.0840  -10.021     5.57e-04     6.25e-02  ***
  AUPRC          0.3095   0.4263   +0.1167   -3.007     3.97e-02     6.25e-02    *
  Brier          0.1701   0.1924   +0.0223   -1.294     2.65e-01     8.12e-01     
  Accuracy       0.7579   0.7224   -0.0355    1.069     3.45e-01     8.12e-01     
  F1             0.3595   0.3961   +0.0366   -2.085     1.05e-01     1.25e-01     
  ───────────────────────────────────────────────────────────────────────
  *** p<0.001  ** p<0.01  * p<0.05  † p<0.10
  주의: n=5 folds — 검정력이 낮으므로 방향성(Δ) 참고 병행 권장

=======================================================
CrossAttn Test Evaluation  (scale_clin=True, scale_aec=True)
=======================================================

Logistic Regression — Test Set (Overall):
  AUC: 0.6897  AUPRC: 0.2060  Brier: 0.1762  Acc: 0.7608  F1: 0.2989

Logistic Regression — Test Set (By Sex):
  [M] n=97  AUC: 0.6747  AUPRC: 0.2399  Brier: 0.2381  Acc: 0.6701  F1: 0.3600
              precision    recall  f1-score   support

      Normal       0.92      0.67      0.78        83
  Sarcopenia       0.25      0.64      0.36        14

    accuracy                           0.67        97
   macro avg       0.58      0.66      0.57        97
weighted avg       0.82      0.67      0.72        97

  [F] n=158  AUC: 0.6690  AUPRC: 0.2095  Brier: 0.1383  Acc: 0.8165  F1: 0.2162
              precision    recall  f1-score   support

      Normal       0.93      0.86      0.90       145
  Sarcopenia       0.17      0.31      0.22        13

    accuracy                           0.82       158
   macro avg       0.55      0.58      0.56       158
weighted avg       0.87      0.82      0.84       158

CrossAttn — training final model for 6 epochs on full CV set …

CrossAttn — Test Set (Overall):
  AUC: 0.7604  AUPRC: 0.2776  Brier: 0.2189  Acc: 0.6588  F1: 0.3256

CrossAttn — Test Set (By Sex):
  [M] n=97  AUC: 0.7642  AUPRC: 0.3669  Brier: 0.2562  Acc: 0.6495  F1: 0.3929
              precision    recall  f1-score   support

      Normal       0.95      0.63      0.75        83
  Sarcopenia       0.26      0.79      0.39        14

    accuracy                           0.65        97
   macro avg       0.60      0.71      0.57        97
weighted avg       0.85      0.65      0.70        97

  [F] n=158  AUC: 0.7448  AUPRC: 0.1677  Brier: 0.1960  Acc: 0.6646  F1: 0.2740
              precision    recall  f1-score   support

      Normal       0.97      0.66      0.78       145
  Sarcopenia       0.17      0.77      0.27        13

    accuracy                           0.66       158
   macro avg       0.57      0.71      0.53       158
weighted avg       0.90      0.66      0.74       158

ResNet1D — training final model for 72 epochs on full CV set …

ResNet1D — Test Set (Overall):
  AUC: 0.7532  AUPRC: 0.2443  Brier: 0.2202  Acc: 0.6784  F1: 0.3387

ResNet1D — Test Set (By Sex):
  [M] n=97  AUC: 0.7633  AUPRC: 0.3144  Brier: 0.2803  Acc: 0.5876  F1: 0.3939
              precision    recall  f1-score   support

      Normal       0.98      0.53      0.69        83
  Sarcopenia       0.25      0.93      0.39        14

    accuracy                           0.59        97
   macro avg       0.61      0.73      0.54        97
weighted avg       0.87      0.59      0.65        97

  [F] n=158  AUC: 0.7141  AUPRC: 0.1721  Brier: 0.1833  Acc: 0.7342  F1: 0.2759
              precision    recall  f1-score   support

      Normal       0.96      0.74      0.84       145
  Sarcopenia       0.18      0.62      0.28        13

    accuracy                           0.73       158
   macro avg       0.57      0.68      0.56       158
weighted avg       0.89      0.73      0.79       158


───────────────────────────────────────────────────────
Test Set — Bootstrap CI & DeLong Comparison
───────────────────────────────────────────────────────

  Bootstrap 95% CI — LR  (n_boot=2000)
  Metric         Estimate   95% CI Lower   95% CI Upper
  ----------------------------------------------------
  AUC-ROC          0.6897         0.5836         0.7881
  AUPRC            0.2060         0.1238         0.3702
  Brier            0.1762         0.1477         0.2068
  Accuracy         0.7608         0.7098         0.8118
  F1               0.2989         0.1644         0.4231

  Bootstrap 95% CI — CrossAttn  (n_boot=2000)
  Metric         Estimate   95% CI Lower   95% CI Upper
  ----------------------------------------------------
  AUC-ROC          0.7604         0.6773         0.8360
  AUPRC            0.2776         0.1653         0.4432
  Brier            0.2189         0.1902         0.2461
  Accuracy         0.6588         0.6000         0.7176
  F1               0.3256         0.2184         0.4348

  Bootstrap 95% CI — ResNet1D  (n_boot=2000)
  Metric         Estimate   95% CI Lower   95% CI Upper
  ----------------------------------------------------
  AUC-ROC          0.7532         0.6606         0.8366
  AUPRC            0.2443         0.1516         0.4141
  Brier            0.2202         0.1907         0.2478
  Accuracy         0.6784         0.6235         0.7373
  F1               0.3387         0.2261         0.4445

  DeLong Test (ROC AUC)  [LR] vs [CrossAttn]  (paired, 동일 test set)
  AUC(LR)=0.6897  AUC(CrossAttn)=0.7604  Δ=+0.0707  z=-1.790  p=7.3453e-02  †
  *** p<0.001  ** p<0.01  * p<0.05  † p<0.10  ns p≥0.10

  DeLong Test (ROC AUC)  [LR] vs [ResNet1D]  (paired, 동일 test set)
  AUC(LR)=0.6897  AUC(ResNet1D)=0.7532  Δ=+0.0635  z=-1.511  p=1.3084e-01  ns
  *** p<0.001  ** p<0.01  * p<0.05  † p<0.10  ns p≥0.10

  DeLong Test (ROC AUC)  [CrossAttn] vs [ResNet1D]  (paired, 동일 test set)
  AUC(CrossAttn)=0.7604  AUC(ResNet1D)=0.7532  Δ=-0.0071  z=0.301  p=7.6360e-01  ns
  *** p<0.001  ** p<0.01  * p<0.05  † p<0.10  ns p≥0.10

Saved (model 2 (norm)):
  연구코드/results/0522/model_2\norm\scale_both/data_distribution.png
  연구코드/results/0522/model_2\norm\scale_both/cv_roc_curves.png
  연구코드/results/0522/model_2\norm\scale_both/cv_metric_distribution.png
  연구코드/results/0522/model_2\norm\scale_both/training_curves.png
  연구코드/results/0522/model_2\norm\scale_both/test_roc_curves.png
  연구코드/results/0522/model_2\norm\scale_both/test_roc_by_sex.png
  연구코드/results/0522/model_2\norm\scale_both/confusion_matrices.png
  연구코드/results/0522/model_2\norm\scale_both/calibration.png
  연구코드/results/0522/model_2\norm\scale_both/results.md

############################################################
  [M2 excl_extreme] CASE : scale_clinic  (scale_clinic=True, scale_aec=False)
############################################################
=======================================================
5-Fold CV  [CrossAttn | scale_clin=True, scale_aec=False]
=======================================================

── Fold 1/5 ──────────────────────────────
  LR   — AUC: 0.5366  AUPRC: 0.2108  Brier: 0.2016  Acc: 0.7158  F1: 0.2121
  CA   — AUC: 0.7770  AUPRC: 0.3178  Brier: 0.1362  Acc: 0.8415  F1: 0.3830  (best ep=132)
  RN1D — AUC: 0.6685  AUPRC: 0.1790  Brier: 0.2100  Acc: 0.6612  F1: 0.2619  (best ep=1)

── Fold 2/5 ──────────────────────────────
  LR   — AUC: 0.6348  AUPRC: 0.3008  Brier: 0.1773  Acc: 0.7596  F1: 0.2143
  CA   — AUC: 0.8620  AUPRC: 0.4611  Brier: 0.1888  Acc: 0.7377  F1: 0.4146  (best ep=4)
  RN1D — AUC: 0.7587  AUPRC: 0.3334  Brier: 0.2081  Acc: 0.6721  F1: 0.3182  (best ep=152)

── Fold 3/5 ──────────────────────────────
  LR   — AUC: 0.5523  AUPRC: 0.1404  Brier: 0.2180  Acc: 0.7049  F1: 0.1818
  CA   — AUC: 0.9034  AUPRC: 0.4699  Brier: 0.1936  Acc: 0.7322  F1: 0.4235  (best ep=3)
  RN1D — AUC: 0.6293  AUPRC: 0.1631  Brier: 0.2012  Acc: 0.6667  F1: 0.2651  (best ep=1)

── Fold 4/5 ──────────────────────────────
  LR   — AUC: 0.5870  AUPRC: 0.1585  Brier: 0.2326  Acc: 0.6831  F1: 0.2162
  CA   — AUC: 0.7859  AUPRC: 0.3852  Brier: 0.2272  Acc: 0.6339  F1: 0.3093  (best ep=5)
  RN1D — AUC: 0.7179  AUPRC: 0.3684  Brier: 0.2388  Acc: 0.6066  F1: 0.2653  (best ep=71)

── Fold 5/5 ──────────────────────────────
  LR   — AUC: 0.5105  AUPRC: 0.1087  Brier: 0.1947  Acc: 0.7033  F1: 0.1290
  CA   — AUC: 0.8645  AUPRC: 0.4390  Brier: 0.1930  Acc: 0.6978  F1: 0.3529  (best ep=12)
  RN1D — AUC: 0.6301  AUPRC: 0.1673  Brier: 0.2279  Acc: 0.5879  F1: 0.2268  (best ep=54)

===========================================================================
LR  —  5-Fold CV Summary
===========================================================================
  Fold      AUC-ROC      AUPRC      Brier   Accuracy         F1
  ----------------------------------------------------------
  1          0.5366     0.2108     0.2016     0.7158     0.2121
  2          0.6348     0.3008     0.1773     0.7596     0.2143
  3          0.5523     0.1404     0.2180     0.7049     0.1818
  4          0.5870     0.1585     0.2326     0.6831     0.2162
  5          0.5105     0.1087     0.1947     0.7033     0.1290
  ──────────────────────────────────────────────────────────
  Mean       0.5642     0.1839     0.2048     0.7133     0.1907
  ±Std       0.0431     0.0672     0.0191     0.0254     0.0333

===========================================================================
CrossAttn  —  5-Fold CV Summary
===========================================================================
  Fold      AUC-ROC      AUPRC      Brier   Accuracy         F1
  ----------------------------------------------------------
  1          0.7770     0.3178     0.1362     0.8415     0.3830
  2          0.8620     0.4611     0.1888     0.7377     0.4146
  3          0.9034     0.4699     0.1936     0.7322     0.4235
  4          0.7859     0.3852     0.2272     0.6339     0.3093
  5          0.8645     0.4390     0.1930     0.6978     0.3529
  ──────────────────────────────────────────────────────────
  Mean       0.8386     0.4146     0.1878     0.7286     0.3767
  ±Std       0.0490     0.0566     0.0292     0.0675     0.0419

===========================================================================
ResNet1D  —  5-Fold CV Summary
===========================================================================
  Fold      AUC-ROC      AUPRC      Brier   Accuracy         F1
  ----------------------------------------------------------
  1          0.6685     0.1790     0.2100     0.6612     0.2619
  2          0.7587     0.3334     0.2081     0.6721     0.3182
  3          0.6293     0.1631     0.2012     0.6667     0.2651
  4          0.7179     0.3684     0.2388     0.6066     0.2653
  5          0.6301     0.1673     0.2279     0.5879     0.2268
  ──────────────────────────────────────────────────────────
  Mean       0.6809     0.2422     0.2172     0.6389     0.2675
  ±Std       0.0506     0.0896     0.0139     0.0347     0.0292

=================================================================
  Statistical Comparison: [LR]  vs  [CrossAttn]
  Paired t-test + Wilcoxon signed-rank  (n=5 folds)
  Δ Mean = CrossAttn − LR  (양수 → CrossAttn가 우세)
=================================================================
  Metric          Mean1    Mean2    Δ Mean   t-stat      t p-val      W p-val     
  -----------------------------------------------------------------------
  AUC-ROC        0.5642   0.8386   +0.2743   -8.408     1.10e-03     6.25e-02   **
  AUPRC          0.1839   0.4146   +0.2308   -5.162     6.69e-03     6.25e-02   **
  Brier          0.2048   0.1878   -0.0171    1.277     2.71e-01     3.12e-01     
  Accuracy       0.7133   0.7286   +0.0153   -0.506     6.40e-01     1.00e+00     
  F1             0.1907   0.3767   +0.1860   -7.128     2.05e-03     6.25e-02   **
  ───────────────────────────────────────────────────────────────────────
  *** p<0.001  ** p<0.01  * p<0.05  † p<0.10
  주의: n=5 folds — 검정력이 낮으므로 방향성(Δ) 참고 병행 권장

=======================================================
CrossAttn Test Evaluation  (scale_clin=True, scale_aec=False)
=======================================================

Logistic Regression — Test Set (Overall):
  AUC: 0.4972  AUPRC: 0.1699  Brier: 0.2266  Acc: 0.6681  F1: 0.1915

Logistic Regression — Test Set (By Sex):
  [M] n=83  AUC: 0.4253  AUPRC: 0.1752  Brier: 0.2628  Acc: 0.6265  F1: 0.1622
              precision    recall  f1-score   support

      Normal       0.83      0.70      0.76        70
  Sarcopenia       0.12      0.23      0.16        13

    accuracy                           0.63        83
   macro avg       0.48      0.47      0.46        83
weighted avg       0.72      0.63      0.67        83

  [F] n=146  AUC: 0.5755  AUPRC: 0.1897  Brier: 0.2060  Acc: 0.6918  F1: 0.2105
              precision    recall  f1-score   support

      Normal       0.93      0.71      0.81       133
  Sarcopenia       0.14      0.46      0.21        13

    accuracy                           0.69       146
   macro avg       0.53      0.59      0.51       146
weighted avg       0.86      0.69      0.76       146

CrossAttn — training final model for 5 epochs on full CV set …

CrossAttn — Test Set (Overall):
  AUC: 0.7467  AUPRC: 0.2983  Brier: 0.1670  Acc: 0.7555  F1: 0.3333

CrossAttn — Test Set (By Sex):
  [M] n=83  AUC: 0.7549  AUPRC: 0.3971  Brier: 0.2060  Acc: 0.7108  F1: 0.4286
              precision    recall  f1-score   support

      Normal       0.93      0.71      0.81        70
  Sarcopenia       0.31      0.69      0.43        13

    accuracy                           0.71        83
   macro avg       0.62      0.70      0.62        83
weighted avg       0.83      0.71      0.75        83

  [F] n=146  AUC: 0.7311  AUPRC: 0.2086  Brier: 0.1447  Acc: 0.7808  F1: 0.2381
              precision    recall  f1-score   support

      Normal       0.93      0.82      0.87       133
  Sarcopenia       0.17      0.38      0.24        13

    accuracy                           0.78       146
   macro avg       0.55      0.60      0.56       146
weighted avg       0.86      0.78      0.82       146

ResNet1D — training final model for 54 epochs on full CV set …

ResNet1D — Test Set (Overall):
  AUC: 0.5341  AUPRC: 0.2035  Brier: 0.2212  Acc: 0.6507  F1: 0.2000

ResNet1D — Test Set (By Sex):
  [M] n=83  AUC: 0.6374  AUPRC: 0.4248  Brier: 0.2010  Acc: 0.7470  F1: 0.3636
              precision    recall  f1-score   support

      Normal       0.89      0.80      0.84        70
  Sarcopenia       0.30      0.46      0.36        13

    accuracy                           0.75        83
   macro avg       0.59      0.63      0.60        83
weighted avg       0.80      0.75      0.77        83

  [F] n=146  AUC: 0.4500  AUPRC: 0.0962  Brier: 0.2327  Acc: 0.5959  F1: 0.1194
              precision    recall  f1-score   support

      Normal       0.90      0.62      0.74       133
  Sarcopenia       0.07      0.31      0.12        13

    accuracy                           0.60       146
   macro avg       0.49      0.47      0.43       146
weighted avg       0.83      0.60      0.68       146


───────────────────────────────────────────────────────
Test Set — Bootstrap CI & DeLong Comparison
───────────────────────────────────────────────────────

  Bootstrap 95% CI — LR  (n_boot=2000)
  Metric         Estimate   95% CI Lower   95% CI Upper
  ----------------------------------------------------
  AUC-ROC          0.4972         0.3698         0.6271
  AUPRC            0.1699         0.0820         0.3042
  Brier            0.2266         0.1893         0.2666
  Accuracy         0.6681         0.6070         0.7293
  F1               0.1915         0.0869         0.2971

  Bootstrap 95% CI — CrossAttn  (n_boot=2000)
  Metric         Estimate   95% CI Lower   95% CI Upper
  ----------------------------------------------------
  AUC-ROC          0.7467         0.6470         0.8361
  AUPRC            0.2983         0.1754         0.4708
  Brier            0.1670         0.1368         0.1973
  Accuracy         0.7555         0.7031         0.8079
  F1               0.3333         0.2025         0.4615

  Bootstrap 95% CI — ResNet1D  (n_boot=2000)
  Metric         Estimate   95% CI Lower   95% CI Upper
  ----------------------------------------------------
  AUC-ROC          0.5341         0.4038         0.6639
  AUPRC            0.2035         0.1010         0.3608
  Brier            0.2212         0.2093         0.2328
  Accuracy         0.6507         0.5895         0.7118
  F1               0.2000         0.0980         0.3019

  DeLong Test (ROC AUC)  [LR] vs [CrossAttn]  (paired, 동일 test set)
  AUC(LR)=0.4972  AUC(CrossAttn)=0.7467  Δ=+0.2495  z=-3.361  p=7.7541e-04  ***
  *** p<0.001  ** p<0.01  * p<0.05  † p<0.10  ns p≥0.10

  DeLong Test (ROC AUC)  [LR] vs [ResNet1D]  (paired, 동일 test set)
  AUC(LR)=0.4972  AUC(ResNet1D)=0.5341  Δ=+0.0369  z=-0.395  p=6.9305e-01  ns
  *** p<0.001  ** p<0.01  * p<0.05  † p<0.10  ns p≥0.10

  DeLong Test (ROC AUC)  [CrossAttn] vs [ResNet1D]  (paired, 동일 test set)
  AUC(CrossAttn)=0.7467  AUC(ResNet1D)=0.5341  Δ=-0.2126  z=3.178  p=1.4834e-03  **
  *** p<0.001  ** p<0.01  * p<0.05  † p<0.10  ns p≥0.10

Saved (model 2 (excl_extreme)):
  연구코드/results/0522/model_2\excl_extreme\scale_clinic/data_distribution.png
  연구코드/results/0522/model_2\excl_extreme\scale_clinic/cv_roc_curves.png
  연구코드/results/0522/model_2\excl_extreme\scale_clinic/cv_metric_distribution.png
  연구코드/results/0522/model_2\excl_extreme\scale_clinic/training_curves.png
  연구코드/results/0522/model_2\excl_extreme\scale_clinic/test_roc_curves.png
  연구코드/results/0522/model_2\excl_extreme\scale_clinic/test_roc_by_sex.png
  연구코드/results/0522/model_2\excl_extreme\scale_clinic/confusion_matrices.png
  연구코드/results/0522/model_2\excl_extreme\scale_clinic/calibration.png
  연구코드/results/0522/model_2\excl_extreme\scale_clinic/results.md

############################################################
  [M2 excl_extreme] CASE : scale_both  (scale_clinic=True, scale_aec=True)
############################################################
=======================================================
5-Fold CV  [CrossAttn | scale_clin=True, scale_aec=True]
=======================================================

── Fold 1/5 ──────────────────────────────
  LR   — AUC: 0.7372  AUPRC: 0.2447  Brier: 0.1490  Acc: 0.7869  F1: 0.3158
  CA   — AUC: 0.7721  AUPRC: 0.2666  Brier: 0.1484  Acc: 0.7705  F1: 0.3636  (best ep=7)
  RN1D — AUC: 0.7997  AUPRC: 0.3248  Brier: 0.1471  Acc: 0.8142  F1: 0.4333  (best ep=128)

── Fold 2/5 ──────────────────────────────
  LR   — AUC: 0.7651  AUPRC: 0.3432  Brier: 0.1716  Acc: 0.7541  F1: 0.3284
  CA   — AUC: 0.8543  AUPRC: 0.5059  Brier: 0.2293  Acc: 0.6503  F1: 0.3469  (best ep=24)
  RN1D — AUC: 0.7599  AUPRC: 0.3703  Brier: 0.1759  Acc: 0.7322  F1: 0.2899  (best ep=194)

── Fold 3/5 ──────────────────────────────
  LR   — AUC: 0.8312  AUPRC: 0.4143  Brier: 0.1582  Acc: 0.7596  F1: 0.4054
  CA   — AUC: 0.9166  AUPRC: 0.5266  Brier: 0.2360  Acc: 0.6503  F1: 0.3600  (best ep=5)
  RN1D — AUC: 0.6672  AUPRC: 0.1966  Brier: 0.2280  Acc: 0.4863  F1: 0.2167  (best ep=1)

── Fold 4/5 ──────────────────────────────
  LR   — AUC: 0.7840  AUPRC: 0.3739  Brier: 0.1770  Acc: 0.7377  F1: 0.3684
  CA   — AUC: 0.7924  AUPRC: 0.3595  Brier: 0.2412  Acc: 0.6120  F1: 0.3238  (best ep=4)
  RN1D — AUC: 0.6926  AUPRC: 0.2965  Brier: 0.1959  Acc: 0.6995  F1: 0.2667  (best ep=175)

── Fold 5/5 ──────────────────────────────
  LR   — AUC: 0.7209  AUPRC: 0.2719  Brier: 0.1949  Acc: 0.7033  F1: 0.2895
  CA   — AUC: 0.8388  AUPRC: 0.4317  Brier: 0.1381  Acc: 0.8242  F1: 0.4667  (best ep=23)
  RN1D — AUC: 0.8703  AUPRC: 0.4445  Brier: 0.1873  Acc: 0.7253  F1: 0.3750  (best ep=151)

===========================================================================
LR  —  5-Fold CV Summary
===========================================================================
  Fold      AUC-ROC      AUPRC      Brier   Accuracy         F1
  ----------------------------------------------------------
  1          0.7372     0.2447     0.1490     0.7869     0.3158
  2          0.7651     0.3432     0.1716     0.7541     0.3284
  3          0.8312     0.4143     0.1582     0.7596     0.4054
  4          0.7840     0.3739     0.1770     0.7377     0.3684
  5          0.7209     0.2719     0.1949     0.7033     0.2895
  ──────────────────────────────────────────────────────────
  Mean       0.7677     0.3296     0.1701     0.7483     0.3415
  ±Std       0.0385     0.0630     0.0158     0.0275     0.0409

===========================================================================
CrossAttn  —  5-Fold CV Summary
===========================================================================
  Fold      AUC-ROC      AUPRC      Brier   Accuracy         F1
  ----------------------------------------------------------
  1          0.7721     0.2666     0.1484     0.7705     0.3636
  2          0.8543     0.5059     0.2293     0.6503     0.3469
  3          0.9166     0.5266     0.2360     0.6503     0.3600
  4          0.7924     0.3595     0.2412     0.6120     0.3238
  5          0.8388     0.4317     0.1381     0.8242     0.4667
  ──────────────────────────────────────────────────────────
  Mean       0.8348     0.4181     0.1986     0.7014     0.3722
  ±Std       0.0506     0.0960     0.0455     0.0813     0.0492

===========================================================================
ResNet1D  —  5-Fold CV Summary
===========================================================================
  Fold      AUC-ROC      AUPRC      Brier   Accuracy         F1
  ----------------------------------------------------------
  1          0.7997     0.3248     0.1471     0.8142     0.4333
  2          0.7599     0.3703     0.1759     0.7322     0.2899
  3          0.6672     0.1966     0.2280     0.4863     0.2167
  4          0.6926     0.2965     0.1959     0.6995     0.2667
  5          0.8703     0.4445     0.1873     0.7253     0.3750
  ──────────────────────────────────────────────────────────
  Mean       0.7579     0.3265     0.1868     0.6915     0.3163
  ±Std       0.0733     0.0820     0.0264     0.1096     0.0778

=================================================================
  Statistical Comparison: [LR]  vs  [CrossAttn]
  Paired t-test + Wilcoxon signed-rank  (n=5 folds)
  Δ Mean = CrossAttn − LR  (양수 → CrossAttn가 우세)
=================================================================
  Metric          Mean1    Mean2    Δ Mean   t-stat      t p-val      W p-val     
  -----------------------------------------------------------------------
  AUC-ROC        0.7677   0.8348   +0.0672   -3.382     2.77e-02     6.25e-02    *
  AUPRC          0.3296   0.4181   +0.0884   -2.446     7.07e-02     1.25e-01    †
  Brier          0.1701   0.1986   +0.0285   -1.131     3.21e-01     3.12e-01     
  Accuracy       0.7483   0.7014   -0.0469    1.018     3.66e-01     4.38e-01     
  F1             0.3415   0.3722   +0.0307   -0.752     4.94e-01     6.25e-01     
  ───────────────────────────────────────────────────────────────────────
  *** p<0.001  ** p<0.01  * p<0.05  † p<0.10
  주의: n=5 folds — 검정력이 낮으므로 방향성(Δ) 참고 병행 권장

=======================================================
CrossAttn Test Evaluation  (scale_clin=True, scale_aec=True)
=======================================================

Logistic Regression — Test Set (Overall):
  AUC: 0.7101  AUPRC: 0.2672  Brier: 0.1767  Acc: 0.7511  F1: 0.2963

Logistic Regression — Test Set (By Sex):
  [M] n=83  AUC: 0.7253  AUPRC: 0.3819  Brier: 0.2132  Acc: 0.6988  F1: 0.3902
              precision    recall  f1-score   support

      Normal       0.91      0.71      0.80        70
  Sarcopenia       0.29      0.62      0.39        13

    accuracy                           0.70        83
   macro avg       0.60      0.66      0.60        83
weighted avg       0.81      0.70      0.74        83

  [F] n=146  AUC: 0.6732  AUPRC: 0.1653  Brier: 0.1558  Acc: 0.7808  F1: 0.2000
              precision    recall  f1-score   support

      Normal       0.92      0.83      0.87       133
  Sarcopenia       0.15      0.31      0.20        13

    accuracy                           0.78       146
   macro avg       0.54      0.57      0.54       146
weighted avg       0.86      0.78      0.81       146

CrossAttn — training final model for 7 epochs on full CV set …

CrossAttn — Test Set (Overall):
  AUC: 0.7622  AUPRC: 0.2971  Brier: 0.2004  Acc: 0.6900  F1: 0.3238

CrossAttn — Test Set (By Sex):
  [M] n=83  AUC: 0.7725  AUPRC: 0.4073  Brier: 0.2254  Acc: 0.6988  F1: 0.4444
              precision    recall  f1-score   support

      Normal       0.94      0.69      0.79        70
  Sarcopenia       0.31      0.77      0.44        13

    accuracy                           0.70        83
   macro avg       0.63      0.73      0.62        83
weighted avg       0.84      0.70      0.74        83

  [F] n=146  AUC: 0.7386  AUPRC: 0.2257  Brier: 0.1861  Acc: 0.6849  F1: 0.2333
              precision    recall  f1-score   support

      Normal       0.94      0.70      0.80       133
  Sarcopenia       0.15      0.54      0.23        13

    accuracy                           0.68       146
   macro avg       0.54      0.62      0.52       146
weighted avg       0.87      0.68      0.75       146

ResNet1D — training final model for 151 epochs on full CV set …

ResNet1D — Test Set (Overall):
  AUC: 0.6332  AUPRC: 0.2406  Brier: 0.2324  Acc: 0.5415  F1: 0.2446

ResNet1D — Test Set (By Sex):
  [M] n=83  AUC: 0.6978  AUPRC: 0.3865  Brier: 0.2203  Acc: 0.6145  F1: 0.3846
              precision    recall  f1-score   support

      Normal       0.93      0.59      0.72        70
  Sarcopenia       0.26      0.77      0.38        13

    accuracy                           0.61        83
   macro avg       0.59      0.68      0.55        83
weighted avg       0.83      0.61      0.67        83

  [F] n=146  AUC: 0.5558  AUPRC: 0.1154  Brier: 0.2393  Acc: 0.5000  F1: 0.1609
              precision    recall  f1-score   support

      Normal       0.92      0.50      0.64       133
  Sarcopenia       0.09      0.54      0.16        13

    accuracy                           0.50       146
   macro avg       0.51      0.52      0.40       146
weighted avg       0.84      0.50      0.60       146


───────────────────────────────────────────────────────
Test Set — Bootstrap CI & DeLong Comparison
───────────────────────────────────────────────────────

  Bootstrap 95% CI — LR  (n_boot=2000)
  Metric         Estimate   95% CI Lower   95% CI Upper
  ----------------------------------------------------
  AUC-ROC          0.7101         0.6030         0.8069
  AUPRC            0.2672         0.1472         0.4213
  Brier            0.1767         0.1482         0.2069
  Accuracy         0.7511         0.6943         0.8079
  F1               0.2963         0.1622         0.4211

  Bootstrap 95% CI — CrossAttn  (n_boot=2000)
  Metric         Estimate   95% CI Lower   95% CI Upper
  ----------------------------------------------------
  AUC-ROC          0.7622         0.6736         0.8417
  AUPRC            0.2971         0.1757         0.4786
  Brier            0.2004         0.1703         0.2309
  Accuracy         0.6900         0.6288         0.7511
  F1               0.3238         0.2075         0.4348

  Bootstrap 95% CI — ResNet1D  (n_boot=2000)
  Metric         Estimate   95% CI Lower   95% CI Upper
  ----------------------------------------------------
  AUC-ROC          0.6332         0.5095         0.7541
  AUPRC            0.2406         0.1225         0.4132
  Brier            0.2324         0.2198         0.2451
  Accuracy         0.5415         0.4802         0.6026
  F1               0.2446         0.1500         0.3404

  DeLong Test (ROC AUC)  [LR] vs [CrossAttn]  (paired, 동일 test set)
  AUC(LR)=0.7101  AUC(CrossAttn)=0.7622  Δ=+0.0521  z=-1.437  p=1.5061e-01  ns
  *** p<0.001  ** p<0.01  * p<0.05  † p<0.10  ns p≥0.10

  DeLong Test (ROC AUC)  [LR] vs [ResNet1D]  (paired, 동일 test set)
  AUC(LR)=0.7101  AUC(ResNet1D)=0.6332  Δ=-0.0769  z=1.233  p=2.1772e-01  ns
  *** p<0.001  ** p<0.01  * p<0.05  † p<0.10  ns p≥0.10

  DeLong Test (ROC AUC)  [CrossAttn] vs [ResNet1D]  (paired, 동일 test set)
  AUC(CrossAttn)=0.7622  AUC(ResNet1D)=0.6332  Δ=-0.1290  z=2.321  p=2.0270e-02  *
  *** p<0.001  ** p<0.01  * p<0.05  † p<0.10  ns p≥0.10

Saved (model 2 (excl_extreme)):
  연구코드/results/0522/model_2\excl_extreme\scale_both/data_distribution.png
  연구코드/results/0522/model_2\excl_extreme\scale_both/cv_roc_curves.png
  연구코드/results/0522/model_2\excl_extreme\scale_both/cv_metric_distribution.png
  연구코드/results/0522/model_2\excl_extreme\scale_both/training_curves.png
  연구코드/results/0522/model_2\excl_extreme\scale_both/test_roc_curves.png
  연구코드/results/0522/model_2\excl_extreme\scale_both/test_roc_by_sex.png
  연구코드/results/0522/model_2\excl_extreme\scale_both/confusion_matrices.png
  연구코드/results/0522/model_2\excl_extreme\scale_both/calibration.png
  연구코드/results/0522/model_2\excl_extreme\scale_both/results.md
